0,1,2,3,4,5,6,7,8,9,10,11,12,13,14,15,16,17,18,19
-2.261101245880127,-3.591492176055908,5.856415748596191,-4.008755207061768,7.010249137878418,1.04734468460083,-0.5586970448493958,-0.64687180519104,3.8143808841705322,-1.618516206741333,-5.576511859893799,-6.125322341918945,-3.280630111694336,1.2965329885482788,0.3313167095184326,0.5952285528182983,-3.7048721313476562,-2.991161823272705,-1.4752681255340576,4.094634056091309
0.5328038930892944,-2.871328353881836,-0.2873048782348633,1.0614955425262451,-0.020203419029712677,-2.9774744510650635,-2.265976905822754,-6.251987934112549,-0.2684926986694336,-3.6541433334350586,-1.592376947402954,-2.127847671508789,0.7241971492767334,-0.919303297996521,6.376217842102051,3.61452054977417,3.982518196105957,-3.5660462379455566,0.6865636110305786,-7.517452716827393
-2.0953030586242676,-3.5605828762054443,4.983649253845215,-2.047574996948242,6.015744686126709,0.6614105701446533,0.9237247109413147,0.6740280389785767,2.6449480056762695,-0.9985729455947876,-4.56790018081665,-5.2189788818359375,-2.549164295196533,1.4451833963394165,0.61980801820755,-0.9971426725387573,-3.094107151031494,-2.5370707511901855,-0.32541632652282715,3.334709405899048
-2.693577289581299,-2.825061798095703,4.590389251708984,-1.6069834232330322,5.574306964874268,0.8465907573699951,1.6935505867004395,-0.9282885193824768,3.299020290374756,-0.8196641206741333,-4.100037097930908,-4.670742034912109,-2.0910871028900146,1.5232175588607788,0.2353803515434265,-1.3822782039642334,-3.367565870285034,-2.229130268096924,-1.2598565816879272,1.7827073335647583
-0.1819072663784027,1.474670171737671,-0.27894285321235657,-1.8964176177978516,2.322661876678467,0.3652614951133728,-1.5103445053100586,-1.4578843116760254,0.43565037846565247,-0.518925666809082,-0.4525332450866699,0.015234269201755524,-0.599590539932251,0.06741973757743835,0.6674073338508606,1.3997392654418945,0.06957238167524338,-0.923183798789978,-0.23928338289260864,-0.6789628267288208
-2.6763052940368652,-4.273653984069824,4.274430274963379,-0.48271989822387695,3.6995620727539062,0.4350142478942871,-0.06355512142181396,0.8998138904571533,3.789958953857422,-1.1583548784255981,-3.3856887817382812,-3.882638931274414,-0.753939688205719,2.116147041320801,0.7385299801826477,1.3093103170394897,-1.2927829027175903,-0.5886739492416382,-1.3382036685943604,3.4222006797790527
5.471432209014893,0.978325605392456,1.4317169189453125,-1.936854600906372,2.322861671447754,-1.9941810369491577,1.8046859502792358,-3.732006788253784,-4.978857517242432,-1.1131751537322998,-1.680119514465332,-2.9243574142456055,-0.977410614490509,0.800634503364563,1.943312406539917,5.142773628234863,-0.8701294660568237,9.003596305847168,3.479215621948242,-5.159580707550049
-3.336158275604248,-0.5816287994384766,2.749471664428711,-0.9033041000366211,3.6834487915039062,-0.5838173627853394,1.1779191493988037,-2.4532947540283203,1.1847822666168213,-2.9146132469177246,0.7762031555175781,-0.9924265742301941,0.9804909825325012,0.19792157411575317,3.4872703552246094,4.560642242431641,-2.3174915313720703,2.3492074012756348,3.3822360038757324,-3.7173445224761963
-2.6214873790740967,-3.9076719284057617,4.0498762130737305,-1.0043623447418213,4.396008014678955,0.3073122501373291,-0.4273359775543213,0.9609399437904358,3.882082462310791,-0.49659228324890137,-3.352038860321045,-3.857529401779175,-0.7007693648338318,1.8171956539154053,0.5390719175338745,0.8486027121543884,-1.8807165622711182,-0.7664212584495544,-1.0346875190734863,3.364956855773926
-1.0216423273086548,4.171594619750977,-2.954908609390259,-0.7686107158660889,-0.09717464447021484,-0.2709857225418091,-4.6156415939331055,-3.661050796508789,-1.3309826850891113,0.8071650862693787,1.233699083328247,0.6539760828018188,0.3930932879447937,2.7690515518188477,-0.8191146850585938,1.6542057991027832,-0.6777857542037964,-0.20930396020412445,0.21971872448921204,-0.7806917428970337
0.2908706068992615,-0.39998704195022583,2.88881254196167,-0.6155593395233154,0.7448997497558594,-0.9288690090179443,1.0790823698043823,0.7027579545974731,0.18883159756660461,-0.7053381204605103,0.23175954818725586,-1.6658307313919067,-2.849501609802246,0.5327388644218445,-1.0124346017837524,0.036842674016952515,-1.2700272798538208,-1.7459378242492676,-2.0440261363983154,-0.03930625319480896
-1.5936886072158813,-3.749699354171753,3.134758472442627,0.0802261233329773,4.604976177215576,0.9784375429153442,0.24561628699302673,0.6178393959999084,1.771920919418335,-1.1357195377349854,-4.755019187927246,-3.8113954067230225,-1.9061007499694824,-0.2478194534778595,-1.365862250328064,-0.24271917343139648,-1.8342969417572021,-0.7505143880844116,-1.904845118522644,2.3861846923828125
3.793478012084961,5.710822105407715,-0.38943564891815186,0.5422718524932861,3.7962911128997803,0.6807793378829956,-3.4801557064056396,-1.841260313987732,-1.9165492057800293,3.0236549377441406,0.07559680938720703,-3.237999439239502,-0.6278340816497803,-0.6682934761047363,1.0613415241241455,2.9281535148620605,0.8261605501174927,-1.2800798416137695,1.4204003810882568,-0.8610427379608154
0.1593104600906372,-0.42210647463798523,2.6661977767944336,-1.811333417892456,2.401866912841797,-0.5308603048324585,0.9466142654418945,1.1364526748657227,-0.6369544267654419,0.3341275453567505,-2.577826499938965,-2.602241277694702,-2.249711751937866,2.0953943729400635,0.34989064931869507,-0.31802067160606384,-2.112128496170044,0.028601035475730896,0.27815622091293335,3.015089511871338
0.12865695357322693,-0.18912667036056519,-0.7967959046363831,-0.8127390742301941,1.4499225616455078,0.48598945140838623,-0.7114439010620117,-1.1454665660858154,-0.46600353717803955,-0.21730026602745056,-0.2671102285385132,-0.10146337747573853,0.2554042339324951,-0.7172330021858215,0.5712853670120239,0.5716317892074585,0.6807971000671387,0.18544086813926697,0.2548616826534271,-0.7726836204528809
-0.4124917984008789,2.404336929321289,-0.5956408977508545,-2.066707134246826,-0.6827418804168701,-0.5266374349594116,-1.5043270587921143,-3.517213821411133,-2.074483871459961,-0.020579040050506592,-0.27702707052230835,-0.3191915452480316,0.9697749614715576,2.0346689224243164,-0.010266080498695374,0.9413309097290039,2.5025808811187744,-3.030318260192871,-1.9754598140716553,0.10907518863677979
-0.8329207897186279,-3.9307374954223633,3.153667449951172,-1.9568089246749878,2.3629989624023438,1.6410566568374634,1.032446026802063,-0.40399855375289917,2.7661280632019043,-0.6236950159072876,-3.1580090522766113,-3.9427483081817627,-2.1929993629455566,1.269999623298645,0.28369006514549255,0.18094611167907715,-3.1705665588378906,-1.9764082431793213,-0.9087474346160889,2.3210437297821045
-1.2936588525772095,-2.3367409706115723,2.456779956817627,-2.7958619594573975,3.361858367919922,0.8712760210037231,0.362878680229187,-0.1578754186630249,1.7923016548156738,1.1842724084854126,-2.2504570484161377,-3.7662723064422607,-1.173694133758545,0.6745577454566956,1.596624493598938,-0.7709853649139404,-3.2241928577423096,-0.44658008217811584,0.1410982608795166,1.7325776815414429
-2.109194040298462,-1.0897763967514038,2.881443977355957,-0.5189504027366638,1.6290487051010132,-0.15655094385147095,1.2131507396697998,-0.42606931924819946,0.6737505197525024,-0.2120363712310791,-2.4219865798950195,-4.009347438812256,-0.5018193125724792,1.499387264251709,1.8417731523513794,-2.029552936553955,-1.0184218883514404,-1.674839735031128,-1.8329848051071167,2.518627643585205
-2.4138925075531006,-2.2482423782348633,3.3652985095977783,-0.024745523929595947,2.7706453800201416,-0.4139039218425751,0.8690527677536011,0.5442498922348022,2.290687084197998,0.029213309288024902,-1.972425103187561,-1.8430321216583252,0.09515419602394104,1.040448546409607,-0.7607847452163696,0.4893512427806854,-1.0183618068695068,-2.678032875061035,0.9038311839103699,1.8715174198150635
-2.4444282054901123,-1.4879086017608643,0.5091272592544556,1.5774214267730713,1.5483555793762207,0.2613105773925781,-0.03688463568687439,-1.175275444984436,1.4656035900115967,-0.8338647484779358,-2.853154182434082,-3.5387542247772217,-2.0097320079803467,1.8025217056274414,1.4451221227645874,-0.02174222469329834,-2.156827926635742,-1.286562442779541,-1.0561881065368652,3.0524773597717285
-3.2875547409057617,-0.8253802061080933,2.9417433738708496,1.7684199810028076,3.170679807662964,0.17757844924926758,2.6738948822021484,0.27764296531677246,2.6439859867095947,-1.5137654542922974,-2.287186622619629,-1.028554916381836,-0.8271373510360718,0.6596673727035522,-2.3901093006134033,2.003955125808716,0.470572829246521,-0.9663015007972717,0.08828151226043701,-1.6107237339019775
-0.8109130859375,-2.5899524688720703,0.20785701274871826,-0.11393901705741882,3.0776548385620117,0.8992210626602173,0.3588100075721741,-0.23697948455810547,2.405914068222046,0.0828869640827179,-1.5718599557876587,-1.842248558998108,-0.8761735558509827,1.3415133953094482,-0.6081100702285767,-0.28641289472579956,-2.536405324935913,-0.22673097252845764,-1.835925579071045,0.3761003017425537
-2.0720877647399902,-0.5840762853622437,0.7527400851249695,0.01538500189781189,0.6465208530426025,-0.9703001976013184,1.3709903955459595,-1.5038714408874512,1.432950496673584,-0.5292845964431763,-1.8386170864105225,-2.247692108154297,-0.6980479955673218,1.7511193752288818,0.009562551975250244,0.3305095434188843,-2.734973430633545,-0.1378801017999649,-1.4154917001724243,1.3596395254135132
-1.6027255058288574,-0.1850961595773697,2.2686755657196045,-2.3172523975372314,1.8251044750213623,-1.7344428300857544,0.6957975625991821,0.7089444398880005,1.7790385484695435,1.2861961126327515,-0.24278712272644043,-0.972682535648346,-1.082659125328064,2.5008955001831055,-2.15268611907959,-0.2957093119621277,-2.766047477722168,-1.4297828674316406,-0.13767528533935547,1.4096951484680176
-1.1322252750396729,-1.442766785621643,1.8337771892547607,-1.3106715679168701,2.663753032684326,0.29929012060165405,0.18437804281711578,-0.022176355123519897,0.5483750104904175,1.7737059593200684,-2.753002166748047,-3.0227856636047363,0.4790760278701782,-0.3672475218772888,-1.1225435733795166,-1.0569143295288086,0.622718870639801,-0.23747162520885468,-1.3442680835723877,2.1890816688537598
-0.3598823547363281,-1.7742538452148438,1.0445142984390259,0.0899525135755539,3.2579894065856934,0.1934787631034851,-1.901806354522705,0.6011479496955872,1.006495714187622,-0.09705764055252075,-2.5176382064819336,-1.770888090133667,-1.6454005241394043,-0.8708984851837158,0.060160182416439056,0.47092777490615845,-2.625507116317749,-1.7612321376800537,-1.4522602558135986,1.5032694339752197
0.7763211727142334,-0.29235023260116577,0.2848944067955017,-0.9144343137741089,1.5926953554153442,-1.4272325038909912,-0.09216232597827911,-0.680063009262085,1.3932124376296997,1.6273140907287598,-1.4862314462661743,-1.3956362009048462,0.5702865123748779,1.4429322481155396,0.8489675521850586,-0.07733464241027832,-3.33286714553833,0.35733023285865784,-1.9428842067718506,0.7953652143478394
0.46819353103637695,-0.5326581597328186,2.1913554668426514,1.1973140239715576,2.54329776763916,0.9496267437934875,0.8978232741355896,0.2763729691505432,-1.114010214805603,-1.5426169633865356,-2.2361764907836914,-1.9706506729125977,-0.9509421586990356,1.0499993562698364,-0.17482340335845947,0.3186400830745697,1.5220324993133545,-1.0643551349639893,-2.851088047027588,1.6253421306610107
-0.6187698245048523,1.0208066701889038,3.7066738605499268,-1.1244127750396729,-5.574216365814209,-4.353418827056885,4.210275650024414,-2.9710192680358887,-0.8515076637268066,-1.5307958126068115,-3.1793947219848633,-5.384815216064453,1.023918867111206,2.917794942855835,-3.334264039993286,0.6837770342826843,0.06704390048980713,3.9587345123291016,2.2592694759368896,0.20611459016799927
-0.3212714195251465,-1.4953367710113525,2.4708096981048584,-0.9589464068412781,2.188521146774292,0.29335957765579224,0.7705667018890381,-0.27940064668655396,1.6799862384796143,0.005692243576049805,-1.8243396282196045,-3.1964850425720215,-2.032972812652588,2.5375592708587646,0.8352479934692383,-1.762542724609375,-1.9321062564849854,-1.3051936626434326,-1.77938973903656,0.9430649280548096
-1.5227570533752441,-2.6661367416381836,3.8012948036193848,0.33573606610298157,2.529062509536743,-0.39527785778045654,0.24336183071136475,0.0497739315032959,2.951359748840332,-0.5312659740447998,-1.3024333715438843,-1.6485753059387207,-0.23422884941101074,0.47548967599868774,-0.15344782173633575,-0.6515265107154846,1.011845588684082,-1.8988786935806274,-0.21261456608772278,-0.8048319816589355
-0.6505696773529053,-1.9190995693206787,2.15678334236145,-0.9593452215194702,1.9303405284881592,0.9353573322296143,0.9437106847763062,-0.8055049777030945,1.826964259147644,0.0007458925247192383,-2.2916641235351562,-2.595940589904785,-0.9412933588027954,1.2256735563278198,-0.09502644091844559,0.21714097261428833,-1.8895941972732544,-1.8377578258514404,-1.0039082765579224,1.9476174116134644
-3.213066577911377,0.5426417589187622,1.3175849914550781,-2.391376495361328,1.186403512954712,0.0509529709815979,0.23977279663085938,0.05147099494934082,-0.24040138721466064,-1.9677441120147705,-1.9945580959320068,-1.5962605476379395,-0.06599181890487671,-2.2450547218322754,-0.532967209815979,0.9538490176200867,-0.6609970331192017,-0.37417227029800415,-0.4540365934371948,2.106677532196045
-1.0497571229934692,-2.2877399921417236,1.9680964946746826,-1.1000416278839111,2.82122802734375,-0.07530897855758667,0.16987919807434082,0.7953268885612488,1.21918523311615,-0.48740965127944946,-2.5768251419067383,-3.619541645050049,-2.0174293518066406,1.1044288873672485,1.560337781906128,-1.5110759735107422,-1.9019362926483154,-0.7892758250236511,-0.32277733087539673,1.2316865921020508
-0.010644316673278809,0.9244390726089478,0.543399453163147,-0.7264926433563232,2.2198538780212402,-1.4015378952026367,0.3359934091567993,0.4107796251773834,0.2278778851032257,1.2062768936157227,-0.832516074180603,0.00825151801109314,0.16540440917015076,1.064225673675537,-0.8122776746749878,0.32920169830322266,-1.5942304134368896,0.5126084089279175,-1.164865255355835,1.8281102180480957
0.5615258812904358,-0.4697391986846924,-0.01651918888092041,-0.8580175042152405,1.474900484085083,-0.8973093032836914,0.6453571915626526,-0.7980570197105408,-1.480399250984192,1.8497304916381836,-0.7397029995918274,-1.7244844436645508,1.085194706916809,1.1715357303619385,2.1812679767608643,-1.4051611423492432,-1.3075461387634277,1.1797736883163452,-1.4528913497924805,2.47188138961792
-3.2060418128967285,1.1026476621627808,1.6524734497070312,-2.3421642780303955,1.2533565759658813,-0.2446117401123047,0.12042519450187683,0.8172672986984253,-0.6785317659378052,-2.3243906497955322,-1.7160046100616455,-1.1159305572509766,-0.009654760360717773,-2.443338394165039,-0.32455939054489136,0.7234190702438354,-0.5100773572921753,0.07339134812355042,-0.17601199448108673,1.7757749557495117
-3.34102201461792,1.3219871520996094,0.39208078384399414,-1.599467158317566,1.8894321918487549,-0.07491731643676758,0.10475464910268784,-0.24962884187698364,0.15370094776153564,-0.2692343294620514,-1.0121222734451294,-1.1136736869812012,-0.017647847533226013,-0.7525578737258911,-0.4066825211048126,-0.8461074829101562,-0.8844520449638367,0.36439505219459534,-0.6338402032852173,1.59641432762146
-1.4539448022842407,-1.024185061454773,1.2943613529205322,-1.1129094362258911,2.4052891731262207,0.12775593996047974,-0.5534150004386902,-0.22425885498523712,1.458242654800415,-0.2951667308807373,-2.653778076171875,-2.2253470420837402,-0.7417933940887451,0.1630115956068039,-0.6589027643203735,0.503836989402771,-1.561927318572998,-0.05221542716026306,-1.2394129037857056,1.579901933670044
-0.9590449929237366,0.2773851454257965,-1.7591813802719116,-0.9155369997024536,1.6581320762634277,-1.1186915636062622,-0.5647739171981812,-1.3863577842712402,1.9467856884002686,1.635190725326538,-1.628476619720459,-1.3904457092285156,1.885412335395813,-0.12331636250019073,-0.7507734298706055,0.6810970306396484,-2.0719738006591797,1.0750701427459717,-0.6832536458969116,0.24506554007530212
-1.2657861709594727,-2.9225146770477295,1.5118979215621948,0.7218207716941833,3.782914876937866,1.0114758014678955,-0.04744820296764374,0.2288784384727478,1.8368467092514038,-1.75640869140625,-1.325605869293213,-0.38493776321411133,-0.47968950867652893,0.5446553230285645,0.35053253173828125,0.7679308652877808,-1.019359827041626,0.44773662090301514,-1.7998521327972412,0.4440099000930786
-0.9231370687484741,-0.7035454511642456,0.5936169624328613,2.058135509490967,4.072546482086182,0.48659199476242065,0.8416499495506287,-0.03456676006317139,1.399219036102295,0.7519779205322266,-0.9890122413635254,0.34936168789863586,1.3494164943695068,0.47434478998184204,-1.2254530191421509,0.08308382332324982,-0.32118070125579834,-1.7033623456954956,-0.9229416847229004,1.0004522800445557
-1.4220921993255615,-0.937570333480835,0.5929542779922485,2.507821559906006,1.2392873764038086,-1.6177679300308228,-0.6402469277381897,-0.2743644118309021,-0.10208365321159363,1.5242104530334473,-2.1277737617492676,-0.1582956314086914,0.1201816201210022,0.22425581514835358,0.6716827154159546,-2.441425323486328,-0.10827410221099854,-0.6841561794281006,-0.13415716588497162,0.9431980848312378
-0.7035397291183472,-1.013113260269165,2.4100892543792725,-0.8969060182571411,2.866485595703125,-0.14797654747962952,1.006933569908142,0.38500407338142395,0.6153234243392944,-0.0748213529586792,-2.0779755115509033,-1.8455380201339722,-0.43694573640823364,0.5217832326889038,0.25098758935928345,-0.4175727069377899,-1.7226808071136475,-1.2955780029296875,-0.36965373158454895,1.461521863937378
-1.3225643634796143,-1.348968744277954,3.171232223510742,0.3376472294330597,0.8479151129722595,-0.8160555362701416,0.521277129650116,1.5998584032058716,0.8620109558105469,-0.22955992817878723,-1.333874225616455,-1.3784033060073853,1.4736958742141724,0.866270124912262,1.2221252918243408,0.07207712531089783,1.9378983974456787,-1.0435912609100342,0.6166870594024658,-1.1731276512145996
0.6622856259346008,-1.2014813423156738,1.462390422821045,-0.5042569637298584,2.3922204971313477,-0.4621462821960449,1.1500160694122314,0.7859197854995728,-0.2068055421113968,0.500577449798584,-1.661338210105896,-0.5055588483810425,-0.4031912684440613,-0.20650894939899445,-0.246791273355484,1.3364672660827637,-1.276932954788208,-0.8168051242828369,0.8824790716171265,1.6146366596221924
-1.0951471328735352,-0.2742661237716675,0.5196641683578491,2.6088385581970215,-0.9659290313720703,-1.7618181705474854,1.5507616996765137,-0.2712543308734894,0.12318521738052368,-0.8124540448188782,-0.37251538038253784,1.223612904548645,0.2603036165237427,-1.0178252458572388,0.38005495071411133,-0.4412589967250824,-1.0210261344909668,-1.3607604503631592,-1.479374647140503,0.03138075768947601
-0.12592722475528717,-2.4092302322387695,0.07194772362709045,0.4050382971763611,2.192896604537964,0.9352725148200989,-0.7644922733306885,0.08145898580551147,0.8243417739868164,0.8884212374687195,0.3980860710144043,-0.05364266037940979,-1.2104696035385132,1.470609188079834,0.17196577787399292,-0.014802128076553345,-0.339487761259079,1.7126020193099976,-2.123626708984375,1.2100281715393066
0.24149326980113983,1.8005712032318115,1.975415825843811,-1.8620227575302124,-0.967522382736206,-1.16618812084198,0.04621508717536926,1.1426329612731934,0.09243309497833252,-0.6817610859870911,-1.2426810264587402,-0.5708898901939392,-3.258816719055176,1.9441232681274414,-0.3407739996910095,0.006948888301849365,-1.238060474395752,-2.6346898078918457,0.03799862414598465,1.0636690855026245
-1.0675065517425537,-1.9951074123382568,2.1589131355285645,-1.9400699138641357,2.469789981842041,1.135371446609497,0.18876245617866516,-0.3314422369003296,0.7077703475952148,-0.6469566822052002,-2.214322090148926,-1.668736219406128,1.8495354652404785,-1.8079355955123901,0.3405531942844391,-0.8731019496917725,-0.121116042137146,-1.3874664306640625,-0.9653410911560059,-1.3407328128814697
-1.668567419052124,-1.5763778686523438,1.9034321308135986,-1.0397337675094604,1.6499977111816406,0.4044210910797119,1.3637505769729614,-0.21720242500305176,1.2748359441757202,-0.7492581009864807,-1.415830373764038,-1.0153329372406006,1.6955952644348145,-0.23727568984031677,0.7392879724502563,-1.7294583320617676,0.0002485513687133789,-1.7400579452514648,-0.7097995281219482,-0.6986681222915649
0.18371692299842834,-1.4249330759048462,2.2833032608032227,-2.279350757598877,0.6595878005027771,-0.0003724396228790283,1.0649880170822144,0.16548067331314087,0.48749488592147827,-0.21669036149978638,-1.786926031112671,-1.3569738864898682,-0.9082838296890259,0.13677911460399628,-0.407390832901001,1.729960560798645,-0.7248520255088806,-1.4762215614318848,0.6855368614196777,0.741358757019043
-1.415435791015625,-1.3483610153198242,0.6966448426246643,0.7720033526420593,3.459554672241211,1.5911058187484741,-1.335298776626587,0.10437732934951782,2.1467199325561523,-1.5158541202545166,0.2521175444126129,0.3295360803604126,-1.1223068237304688,0.2680920362472534,1.26687753200531,1.2907624244689941,0.9016947150230408,-1.1177825927734375,-0.09335474669933319,-0.5834868550300598
1.93381929397583,-1.6102449893951416,2.4092321395874023,-1.2517104148864746,0.5417672395706177,-0.9369716048240662,0.6547336578369141,-1.5359466075897217,-0.5154722929000854,0.6547068953514099,0.31866782903671265,0.10441961884498596,-0.5469564199447632,-1.3725194931030273,2.2286860942840576,2.1168248653411865,-2.307433605194092,-1.0829555988311768,0.6083604693412781,0.05086985230445862
0.3297552466392517,-0.7626044750213623,1.4795790910720825,-1.1397061347961426,1.8376206159591675,1.7542777061462402,1.0736758708953857,0.24952498078346252,0.08943215012550354,-0.8383750915527344,-2.0025808811187744,-2.163098096847534,-1.2899017333984375,1.7629109621047974,-0.9263744354248047,0.36030858755111694,0.7233983278274536,-1.0654853582382202,-0.24005213379859924,0.33042600750923157
-0.2760540544986725,-2.284886360168457,2.759587049484253,-0.6767394542694092,-1.2934260368347168,-0.46868422627449036,-0.4455542266368866,0.20701827108860016,2.4360992908477783,-0.20050126314163208,-0.7073920965194702,-0.3863985538482666,1.4827545881271362,1.5084829330444336,2.254741907119751,1.3498940467834473,0.24071398377418518,2.613166332244873,1.3701260089874268,0.9456222057342529
-1.287374496459961,-0.3424822688102722,0.05471146106719971,-0.5881904363632202,1.7842552661895752,0.815000057220459,-1.3046224117279053,-0.5401868224143982,1.6854057312011719,0.3091723918914795,-1.7497118711471558,-0.9841576814651489,1.6547324657440186,-1.42144775390625,0.9483538866043091,1.819111704826355,-1.3922593593597412,0.13495609164237976,-1.1153903007507324,0.4608128070831299
-0.27586227655410767,0.3868928551673889,1.1590006351470947,0.6025880575180054,2.969409465789795,0.13386383652687073,0.31045037508010864,0.3230547308921814,-0.1878412663936615,-0.2732791006565094,-1.72771155834198,-0.5009584426879883,-1.5510640144348145,0.8484629988670349,-1.229567527770996,0.4938821494579315,-1.460976243019104,-0.7691319584846497,0.05099514126777649,1.6988474130630493
-1.6433541774749756,-0.9569071531295776,1.3152968883514404,-0.21296632289886475,2.8751418590545654,1.248065710067749,-0.14951789379119873,-0.7569018006324768,1.3219536542892456,-1.5682730674743652,0.05655105412006378,0.2898576259613037,-0.33718597888946533,0.6683495044708252,2.171546697616577,0.5254496335983276,-0.43926113843917847,-0.3562643826007843,-0.9147369861602783,-0.43550053238868713
-1.047782063484192,-2.319303512573242,0.0009052492678165436,0.917488694190979,3.2673025131225586,1.7345646619796753,-0.26847171783447266,-0.0008553862571716309,1.1494090557098389,-0.9811840057373047,-1.5605144500732422,-1.073030710220337,-0.7442313432693481,0.038860440254211426,0.018711745738983154,1.8319056034088135,1.3347387313842773,0.6666841506958008,0.3703044056892395,0.5787535309791565
0.38050776720046997,-0.7165487408638,1.1897765398025513,-1.2181055545806885,1.703932285308838,0.7241592407226562,-0.7509948015213013,0.3183853030204773,-0.5190027952194214,2.527420997619629,-1.9629878997802734,-2.037003517150879,2.0846359729766846,-0.7302076816558838,-2.011683940887451,-1.1588236093521118,2.023787498474121,-0.9460945129394531,-1.1787588596343994,1.4706790447235107
-0.05151178687810898,-1.20489501953125,0.13935202360153198,1.9461991786956787,1.046973705291748,0.6660390496253967,-1.4170308113098145,0.5628965497016907,0.8082104921340942,-0.001289665699005127,-0.8066463470458984,-0.7219038009643555,-1.2846201658248901,1.1532723903656006,1.5571013689041138,0.19142258167266846,-0.2838927209377289,-0.6207345128059387,-1.4854412078857422,1.3624111413955688
-0.4387919306755066,0.21624231338500977,-0.37578558921813965,-0.4057202935218811,-0.3503791093826294,-0.14083223044872284,1.0824791193008423,-0.2315412014722824,-0.18308204412460327,-0.4735385775566101,-0.9446290731430054,-1.021986722946167,0.3374948501586914,0.8139351606369019,0.6196521520614624,-0.8105378150939941,-2.314441680908203,-0.3927627205848694,-1.7579660415649414,1.8040156364440918
-1.9566929340362549,-0.5498340725898743,1.363316535949707,-0.2144128978252411,2.0643625259399414,-1.1749924421310425,0.17710794508457184,0.6649329662322998,0.5802182555198669,0.09010446071624756,-1.7222702503204346,-2.7946596145629883,-1.1851599216461182,0.702668309211731,1.7283867597579956,-1.3680402040481567,0.1287030577659607,-0.9813777804374695,1.0822443962097168,0.3353245258331299
-0.6719717979431152,-0.6125082969665527,2.2138516902923584,-0.4476098120212555,2.3533997535705566,0.5279187560081482,0.5320304036140442,-0.4045558571815491,1.5348678827285767,0.14602333307266235,-1.6366147994995117,-1.2038918733596802,-0.33995935320854187,0.9044653177261353,-1.5634429454803467,0.5861458778381348,-1.1325396299362183,-1.828231930732727,-0.881181001663208,1.8019731044769287
0.7851051688194275,0.45830750465393066,-0.2171618789434433,-0.5881304144859314,0.9824528694152832,-1.499251365661621,0.008245110511779785,-0.6108523607254028,0.9759486317634583,1.8797459602355957,-1.0190080404281616,-1.0337450504302979,1.192887544631958,1.4471197128295898,0.4680977463722229,0.04696464538574219,-2.342592716217041,0.9304015636444092,-1.738570213317871,0.3378203511238098
1.1673500537872314,-1.2170737981796265,1.8699047565460205,-1.1614433526992798,0.8802966475486755,-0.2434232234954834,2.1362626552581787,0.4579344093799591,-0.5958312749862671,0.006259530782699585,0.07737159729003906,-0.15196163952350616,-1.3363560438156128,-0.1374955177307129,3.494349956512451,0.8524283766746521,-1.5395524501800537,-1.0497705936431885,1.3634519577026367,0.8716983795166016
-3.706841230392456,-0.8635492920875549,0.550244927406311,-0.7570867538452148,-1.8870975971221924,-1.8882384300231934,1.1638259887695312,-0.6159583330154419,1.4047483205795288,-2.2857367992401123,-1.0361747741699219,-0.4360552430152893,0.7526777982711792,-0.10272365808486938,0.3260561525821686,1.466563105583191,-2.3335928916931152,1.1692227125167847,-0.5155062079429626,1.5591588020324707
0.6397265195846558,-0.6454277038574219,6.537221431732178,1.6011568307876587,-3.6191086769104004,-3.2185819149017334,1.468539834022522,-3.602388858795166,-1.230657696723938,-3.640291929244995,-1.4356310367584229,-0.39622485637664795,-0.6517187356948853,0.5482583045959473,0.1800570785999298,2.1973962783813477,-2.7038495540618896,1.2120387554168701,-5.515862464904785,-0.4201197028160095
0.12673461437225342,1.7603213787078857,1.6322381496429443,0.18159085512161255,0.1072586178779602,-1.9233564138412476,-0.12419593334197998,0.7137075066566467,2.566831350326538,-1.4412139654159546,1.8264002799987793,0.033920079469680786,-3.1921427249908447,0.7806917428970337,-1.0510386228561401,0.2809181213378906,-3.9354846477508545,-4.321132659912109,-0.06672090291976929,-0.28686362504959106
-1.3928558826446533,0.3269115686416626,0.41542723774909973,0.049860816448926926,3.200686454772949,1.9882490634918213,1.8361655473709106,-0.4462619423866272,-0.5337585806846619,0.3959815800189972,-1.3476454019546509,-1.4514182806015015,0.40061044692993164,0.8869616985321045,-1.5532277822494507,0.22069062292575836,1.356398344039917,1.8095312118530273,0.5319189429283142,0.4231874942779541
-1.1683776378631592,-0.10413883626461029,1.3823024034500122,-1.3824427127838135,-0.12147710472345352,-0.9796240329742432,1.2056694030761719,1.1373720169067383,0.07554779946804047,-0.3775554895401001,-1.8907955884933472,-1.6723816394805908,-0.8185782432556152,0.7592475414276123,-1.3863434791564941,-0.006024092435836792,-0.9545656442642212,-1.5561726093292236,0.6840981841087341,0.9246091842651367
-0.8823994398117065,0.9852691888809204,2.389298439025879,0.509411096572876,0.8250048160552979,0.009075850248336792,0.5974825620651245,-1.3802764415740967,0.459187388420105,-0.01903986930847168,-0.6483719348907471,0.6631289720535278,0.4838371276855469,-0.38179129362106323,-0.06332948058843613,1.2406196594238281,0.18625903129577637,-0.8482627272605896,-1.7958964109420776,-1.0687416791915894
-0.7329671382904053,-1.666987657546997,0.237576425075531,-0.1551690697669983,1.2937999963760376,0.01444709300994873,0.007204890251159668,1.1210271120071411,0.8008860349655151,-0.5528687834739685,-2.6467366218566895,-1.2907664775848389,-0.14642339944839478,-1.3507966995239258,-2.00484299659729,1.1089718341827393,-1.1933566331863403,-1.8263800144195557,0.46490737795829773,1.370369791984558
-0.6685150265693665,-0.3502511978149414,1.0476305484771729,-1.326252818107605,2.261368751525879,0.8510096073150635,-1.0562803745269775,0.10503239929676056,0.36181992292404175,1.2513999938964844,-1.9988272190093994,-1.8118486404418945,1.2875721454620361,-1.0703197717666626,-0.006624937057495117,0.039861515164375305,0.559538722038269,-0.3820081651210785,-0.30139315128326416,1.0620630979537964
-2.2249956130981445,-0.4117446541786194,-1.471969485282898,3.0505435466766357,0.7348189353942871,-0.15702147781848907,-0.21206551790237427,-0.5875170826911926,0.7916160821914673,-0.024411290884017944,-1.3163436651229858,-0.9523888826370239,-1.3942790031433105,1.3928498029708862,-0.33930253982543945,0.7345926761627197,-0.396836519241333,-1.0404378175735474,-0.8042405247688293,1.600501298904419
-1.0076897144317627,-0.5706472992897034,0.7824941873550415,-2.424675941467285,1.1305780410766602,-1.109224796295166,1.8318911790847778,0.598516047000885,0.8037658929824829,-1.278794288635254,-0.8432033061981201,-1.571785807609558,0.8449510335922241,1.2596089839935303,0.602458655834198,-1.8645280599594116,-1.1598612070083618,-0.611128032207489,0.29341891407966614,0.9756914377212524
0.8554801940917969,0.6353434324264526,-0.14404629170894623,-0.7718325257301331,2.5320520401000977,-1.3431439399719238,-0.04088321328163147,-0.38108396530151367,0.34545987844467163,0.27467823028564453,-1.4151270389556885,0.10118687152862549,-0.44122570753097534,0.7045573592185974,-0.2701168358325958,2.2050013542175293,-0.6096526384353638,0.11612533777952194,0.5939740538597107,0.5846139192581177
-0.9684305787086487,-0.9972614049911499,0.4603050947189331,-0.16302260756492615,1.3093490600585938,-0.17212988436222076,-0.33054476976394653,0.7085378170013428,0.06298568844795227,-0.5857114195823669,-2.2885282039642334,-1.8290961980819702,-1.0460419654846191,-0.5090504884719849,0.26397940516471863,-0.039698272943496704,-1.311983585357666,-0.2091371715068817,-0.22462108731269836,1.7823277711868286
-0.5756751298904419,0.061750613152980804,1.0469061136245728,-0.6022864580154419,3.00559139251709,-0.6926398277282715,0.48179978132247925,0.7957861423492432,0.2361551821231842,-1.6852684020996094,-2.248903512954712,-1.398332953453064,-0.10427740961313248,0.2726001441478729,0.8331583142280579,-0.6334167122840881,-0.6083360314369202,-0.7766629457473755,-0.4953691363334656,0.37113702297210693
-3.248655319213867,-2.643801689147949,3.2814698219299316,-2.867642879486084,-1.9720839262008667,-2.254506826400757,1.545424461364746,-0.5975961685180664,3.341557025909424,-0.7218685150146484,-0.14085114002227783,0.3469887375831604,-0.5091928839683533,0.7847570180892944,-0.9127558469772339,-0.22780075669288635,-2.840364694595337,0.6785632371902466,-2.617138385772705,-1.5673701763153076
0.8765383362770081,0.5002579689025879,-0.511463463306427,0.7627846002578735,1.354978322982788,-2.2992372512817383,1.5415234565734863,0.45328468084335327,-0.04806569218635559,0.4699406027793884,-2.2666354179382324,0.458457887172699,1.4248484373092651,0.49100276827812195,-0.8787386417388916,2.051621437072754,-0.9357015490531921,-0.7129383087158203,1.6513036489486694,-0.08970720320940018
-1.086654543876648,-0.7621480226516724,0.4631647765636444,0.13758833706378937,1.9428834915161133,-1.1239436864852905,-0.07955202460289001,0.3073607087135315,1.4619841575622559,-0.043829143047332764,-1.6929595470428467,-1.085870623588562,1.0643361806869507,0.641577959060669,-0.346171110868454,-0.6633274555206299,-1.372576117515564,-0.18073850870132446,-1.5001249313354492,1.0357494354248047
1.2797305583953857,0.8809601068496704,1.4493992328643799,-0.4928804636001587,2.1001648902893066,0.27886414527893066,2.114638328552246,0.5662254691123962,-1.028593897819519,-2.9950737953186035,-1.2003716230392456,-0.18738974630832672,0.2958310842514038,1.520019769668579,1.8590457439422607,-0.49269574880599976,1.0377132892608643,-1.0294755697250366,-1.306727647781372,-0.17953357100486755
-0.7103530168533325,0.56403648853302,0.625984787940979,-0.5427306294441223,1.7549724578857422,0.5798168182373047,2.8899927139282227,-1.231476068496704,-1.1740899085998535,-0.3504878282546997,-0.9535480737686157,-1.9906439781188965,-1.7949217557907104,1.8005995750427246,-0.31318026781082153,0.9743512868881226,1.5924105644226074,1.5145931243896484,1.1015363931655884,0.9235249757766724
0.331351101398468,1.1098591089248657,-0.42135170102119446,-0.32568180561065674,2.1312263011932373,0.24246467649936676,0.00257951021194458,-0.40044116973876953,-0.016949061304330826,0.11977055668830872,-1.8450827598571777,-1.244837999343872,1.8446731567382812,0.04983806610107422,-0.3526923954486847,0.2956202030181885,-0.2902010679244995,-0.8712255954742432,-0.6883265972137451,0.9925745725631714
-1.0190480947494507,-1.808279275894165,0.9099360108375549,0.3263019919395447,1.91745126247406,0.09557047486305237,0.25048965215682983,0.0706791877746582,1.1590867042541504,-0.26431387662887573,-1.3056590557098389,0.3433423340320587,-0.07418851554393768,-1.2330397367477417,0.4136584401130676,1.7367087602615356,-1.1278533935546875,1.2732834815979004,-1.0764447450637817,-0.0435049906373024
0.40593722462654114,-1.8342100381851196,1.2913329601287842,-0.43619561195373535,2.1858716011047363,-0.06962767243385315,0.5158780217170715,0.9297361969947815,0.6802703738212585,0.3361712098121643,-0.4720168709754944,-0.03928416967391968,-0.21919061243534088,0.33081576228141785,1.6195427179336548,1.2411062717437744,-0.6990878582000732,-0.13221433758735657,0.9439432621002197,0.737551748752594
-0.09953202307224274,0.7348548173904419,1.468897819519043,-1.9998865127563477,1.8466706275939941,-0.979047417640686,0.4978557825088501,1.0656367540359497,1.278310775756836,0.5936110615730286,0.5208954215049744,0.8889027833938599,-0.27141767740249634,0.921575129032135,-1.3743560314178467,0.5409508347511292,-1.7041888236999512,0.2533208131790161,-0.8047990798950195,-0.535287618637085
0.4723198711872101,-2.4138851165771484,0.2671012282371521,-0.3410215675830841,-0.01283237338066101,1.4444289207458496,2.1041550636291504,0.4505835473537445,0.39421409368515015,1.2215745449066162,-1.2549532651901245,-1.436420202255249,0.06497227400541306,0.5008857846260071,-0.14157114923000336,0.91832435131073,-1.6885850429534912,-0.908024787902832,1.4918725490570068,1.648597240447998
-0.08309179544448853,-0.17854061722755432,0.6350414752960205,1.2579703330993652,2.887876510620117,0.8370203971862793,0.7562540769577026,-0.6804732084274292,0.7825069427490234,1.2413904666900635,0.539152979850769,0.15768620371818542,-0.11873865127563477,1.2999796867370605,0.5571302175521851,-1.6020889282226562,-0.3356703519821167,-1.5854902267456055,-1.4458258152008057,-0.19249151647090912
0.13640712201595306,0.07947726547718048,1.1820576190948486,-2.084507703781128,1.9861373901367188,0.8390742540359497,1.4685354232788086,-0.12539440393447876,0.4497706890106201,-0.8217169046401978,-1.6469058990478516,-0.8713998198509216,0.34629586338996887,1.2281346321105957,-0.4910089075565338,0.07137531042098999,-1.3878453969955444,-0.47884824872016907,0.3019699156284332,-0.7964460253715515
1.8243589401245117,-0.8193004131317139,1.9022130966186523,0.39352142810821533,1.2573801279067993,1.3989460468292236,1.7450659275054932,1.18435800075531,-1.8908947706222534,-1.9687669277191162,-1.793591856956482,-1.4670552015304565,-0.45684677362442017,-0.014109432697296143,-0.27200931310653687,-0.6946582198143005,1.2324087619781494,-1.6018118858337402,-1.793537974357605,0.8721424341201782
0.05922767519950867,-0.7292764782905579,1.3845442533493042,-1.7381236553192139,1.6870306730270386,0.4350305199623108,0.06341330707073212,-0.2904987037181854,0.32036566734313965,0.9857523441314697,-1.1369695663452148,-1.5797300338745117,1.4007782936096191,0.5762202739715576,-0.8715300559997559,-0.3874412775039673,1.5767254829406738,-0.6176477670669556,-0.7980663776397705,1.4105931520462036
-0.7161769866943359,-0.9179019927978516,0.01883453130722046,1.852553129196167,1.7902500629425049,-0.687146782875061,-0.5544520616531372,0.45653387904167175,0.8460812568664551,-1.1691464185714722,-2.6620335578918457,1.1474740505218506,0.3081713616847992,-2.355388641357422,-1.2899564504623413,3.6659836769104004,-0.7446245551109314,0.4905604124069214,-0.25765517354011536,0.07670783996582031
-0.7923704385757446,-0.7265447378158569,2.005188465118408,-0.3903316557407379,2.627295970916748,-0.15508069097995758,0.15054553747177124,1.132217526435852,0.4095366299152374,-1.3412182331085205,1.0212515592575073,0.4425092041492462,0.2691570520401001,2.379208564758301,0.8854861259460449,-0.2458886206150055,0.483856201171875,0.3405723571777344,-1.0114126205444336,1.6324937343597412
-1.0402034521102905,0.2059718519449234,0.19343233108520508,-1.4882991313934326,2.037173271179199,-1.3282151222229004,-0.03069964610040188,0.5784279704093933,0.49130356311798096,-0.9084454774856567,-2.0975120067596436,-1.99899423122406,-1.2106274366378784,1.2984745502471924,0.678159236907959,0.3094748854637146,-1.0507564544677734,1.1819452047348022,0.7213006615638733,0.32799845933914185
-0.5600204467773438,-1.2290940284729004,0.24274638295173645,0.5598916411399841,-1.005791187286377,1.579197883605957,-0.2726348638534546,0.07646656036376953,0.1356762945652008,-2.826529026031494,-2.5589160919189453,-1.5520881414413452,-1.0590965747833252,-0.2491026520729065,-0.848620593547821,2.383453607559204,2.2598419189453125,-1.7238094806671143,-1.846757173538208,-0.5172268748283386
0.6810286045074463,-1.6480023860931396,0.7821464538574219,-0.5469686985015869,1.3504897356033325,1.608485460281372,1.4952983856201172,0.4168850779533386,-0.7673821449279785,0.5844624638557434,-1.4214036464691162,-1.3623385429382324,-0.07779154926538467,-0.8190078735351562,0.022019848227500916,-0.5334223508834839,-0.7867192029953003,-0.9560772180557251,0.2947116494178772,2.0017573833465576
1.5857293605804443,-1.155070185661316,1.6919631958007812,0.7901744842529297,3.0040624141693115,0.23765304684638977,1.4071046113967896,0.5949069261550903,-0.9395501613616943,1.7293647527694702,-0.7380167245864868,1.368728756904602,-0.19153639674186707,-0.08365987986326218,0.12650629878044128,1.1327033042907715,-0.8820474147796631,0.814594030380249,0.8701315522193909,0.44904303550720215
-1.2671353816986084,-1.8912993669509888,-0.053438276052474976,-0.9023484587669373,-0.548485279083252,1.5670822858810425,1.4052410125732422,-0.3723961114883423,1.3750516176223755,0.08280611038208008,0.12646889686584473,-0.283008337020874,0.8161393404006958,-0.7763422131538391,1.4631779193878174,1.532436728477478,-1.3999212980270386,-0.7995198965072632,1.4063646793365479,0.2795807719230652
-1.0323556661605835,-0.8723212480545044,-0.12555649876594543,-0.9999405741691589,1.9433176517486572,-0.6481404304504395,-0.17626096308231354,0.428813099861145,1.4769418239593506,0.3195019066333771,-1.0349180698394775,-1.1153544187545776,0.7192509770393372,0.8966041803359985,-0.6600097417831421,-0.4589506685733795,-1.669839859008789,0.45977213978767395,-0.22206410765647888,0.5904031991958618
-1.505450963973999,1.492525339126587,0.8167769908905029,-1.2097663879394531,1.0086543560028076,-1.2068634033203125,0.5540587306022644,0.20947471261024475,0.5572794079780579,0.9850082397460938,-0.6321411728858948,0.28312623500823975,-0.26531001925468445,0.7184039354324341,-2.0316336154937744,0.787959098815918,-0.9112117290496826,-0.8924461603164673,0.5364034175872803,1.1832724809646606
-1.4868156909942627,1.4522625207901,2.7859363555908203,0.27604609727859497,1.0785454511642456,-1.6200220584869385,0.5590652823448181,0.4020339846611023,0.0678105354309082,-0.45174744725227356,-0.4486701488494873,1.215780258178711,0.5897441506385803,-2.6634535789489746,-0.21492797136306763,1.1784902811050415,0.14419806003570557,-0.03538382053375244,0.5394293069839478,-3.5032527446746826
-1.6885929107666016,0.5842711925506592,-0.9271988868713379,0.36034849286079407,2.768470287322998,0.3009858727455139,-0.587834358215332,-0.5433162450790405,0.5462966561317444,0.46801769733428955,-1.8665268421173096,-1.213674783706665,1.2597568035125732,0.12403339892625809,-1.5157763957977295,0.9470486044883728,-0.3111457824707031,1.5671663284301758,0.014132857322692871,-0.08554081618785858
-2.2869577407836914,-0.7095881700515747,1.9084246158599854,2.384793758392334,-0.05245041847229004,0.3922877609729767,-0.17947769165039062,1.0984172821044922,2.3343262672424316,2.598184108734131,-0.17641782760620117,-3.2815606594085693,0.5062054991722107,-1.4082890748977661,-1.0247900485992432,-0.6641179323196411,2.72652268409729,-0.6353703737258911,1.3556532859802246,1.0682687759399414
-1.5106505155563354,1.2233107089996338,0.052505336701869965,0.8917455673217773,2.1529412269592285,0.5056239366531372,0.3930894434452057,0.11170478165149689,-1.052917718887329,1.0402528047561646,-0.9750757217407227,0.010007709264755249,1.1264382600784302,-1.6601521968841553,-0.6249821782112122,-0.7978812456130981,-0.8353451490402222,0.22253376245498657,-0.5328150987625122,2.0225257873535156
1.2034430503845215,-0.3363085389137268,1.1989895105361938,0.5237665176391602,1.339446783065796,0.05328167974948883,-0.5825436115264893,0.4589737057685852,-0.9758554697036743,-0.8677263855934143,-1.2669777870178223,-1.3214527368545532,-1.1270551681518555,-0.8931524157524109,-0.21256732940673828,0.011880621314048767,0.054976433515548706,-1.6712431907653809,-1.7979388236999512,1.9290430545806885
-0.43773698806762695,-0.7944088578224182,-0.11838269233703613,-0.08687672019004822,2.807020425796509,2.1341426372528076,-0.3770756721496582,-0.20392176508903503,1.5732929706573486,-0.18423613905906677,-0.4024066925048828,0.5955502986907959,-0.4258019030094147,-0.9360642433166504,0.286675363779068,-0.1279544234275818,-1.9044263362884521,-1.0326576232910156,-1.1445616483688354,-0.6802405118942261
-0.7189105749130249,0.4612436890602112,0.8335579633712769,-0.5464208126068115,1.0797104835510254,-1.579695463180542,-0.5909419655799866,0.999890148639679,-0.5989664793014526,1.1012158393859863,-1.2803858518600464,-1.7779078483581543,-0.8381425738334656,0.02567756175994873,0.946637749671936,-1.4952771663665771,-1.499548077583313,-0.9819599390029907,-0.1853058785200119,1.5095133781433105
0.9260331392288208,0.06747382879257202,0.4690623879432678,-2.3199801445007324,-0.36218565702438354,-0.10368239879608154,-2.165776014328003,0.19812209904193878,-0.5554143190383911,0.18906962871551514,-0.06430277228355408,-0.10847672820091248,-2.2716572284698486,0.15008898079395294,0.38896018266677856,1.383141279220581,-0.08146640658378601,-1.0777225494384766,-0.8952673077583313,-0.13062801957130432
0.5438990592956543,0.6056853532791138,1.2651535272598267,-2.7280633449554443,-1.5134105682373047,0.5259140133857727,0.17698821425437927,0.47284239530563354,0.23251032829284668,-1.428182601928711,-0.8120414614677429,-2.0364396572113037,-2.1043894290924072,3.531187057495117,0.9658656716346741,1.8732377290725708,2.0032777786254883,-1.852195143699646,0.7432434558868408,0.23693230748176575
-1.054826259613037,-1.6907081604003906,0.2077759951353073,-0.011544644832611084,2.0000996589660645,0.4088610112667084,-0.11646191775798798,-0.49957025051116943,1.7106369733810425,0.7533214092254639,-0.7923076152801514,-0.4330670237541199,0.4570389986038208,0.3165018558502197,-1.5932176113128662,-0.38873597979545593,-0.4420706629753113,0.1406192183494568,-1.5045990943908691,-0.07913333922624588
-2.1372203826904297,-0.8942686319351196,0.9053822755813599,-0.9172906279563904,-0.009580150246620178,0.7301807403564453,-1.2864868640899658,-0.9846062660217285,1.067246913909912,-0.6188480257987976,-1.0645360946655273,-0.9712648391723633,-1.5171377658843994,-0.30218470096588135,-0.15151886641979218,1.0709140300750732,-0.6280785799026489,-0.5428712368011475,-1.1539745330810547,0.7693977952003479
-2.1557633876800537,1.7731280326843262,-0.40296852588653564,-0.3103789687156677,-0.8499727249145508,-1.022214412689209,-0.686476469039917,-1.2528150081634521,-0.6977967023849487,-1.032745599746704,-1.376560091972351,-1.0507155656814575,-0.6618978381156921,-1.0802563428878784,0.8901698589324951,0.6031664609909058,-0.2997627854347229,-0.26704609394073486,-0.8630417585372925,1.1844019889831543
0.056642137467861176,0.3188919126987457,1.6297011375427246,0.22756998240947723,2.346679210662842,-0.595655620098114,0.49007922410964966,0.35563400387763977,0.2449704259634018,-0.2863287329673767,-0.9201241731643677,0.1664339303970337,0.20965778827667236,0.7739588022232056,-0.21472401916980743,-0.14711745083332062,0.35675907135009766,-1.1257332563400269,-0.6354471445083618,-0.38637715578079224
-1.3021366596221924,-0.23771199584007263,1.2361315488815308,-1.1393535137176514,0.6658319234848022,0.23844823241233826,1.6595228910446167,-0.15407319366931915,-0.6402209401130676,-0.1096518337726593,-1.000019907951355,-2.656911849975586,0.0208437442779541,0.7081146240234375,1.6345795392990112,-1.7773783206939697,-0.12227034568786621,-0.8805336356163025,0.1556689441204071,1.8455414772033691
-0.5572680830955505,-1.4428691864013672,-0.4743817150592804,1.1300172805786133,1.2525362968444824,0.7923492193222046,-1.4616948366165161,-0.8347950577735901,1.3334932327270508,1.2797434329986572,-0.1086835265159607,-1.7771227359771729,1.664807915687561,-0.4693315625190735,2.6615242958068848,-1.2132188081741333,-0.5451564788818359,0.44591471552848816,-0.7857914566993713,1.2004985809326172
1.1072378158569336,-1.3751519918441772,-0.2617417275905609,-0.3232954442501068,0.8812243938446045,0.906456708908081,-0.7385772466659546,0.9406084418296814,1.4252169132232666,-0.5234688520431519,-1.5169637203216553,-1.2442954778671265,0.7516551613807678,0.9809555411338806,0.3460428714752197,0.21864530444145203,-0.9722152352333069,-0.7787989974021912,-1.6644527912139893,1.279624342918396
-0.6947078108787537,-0.13506434857845306,-0.8506861925125122,0.08485616743564606,2.1483535766601562,-1.1116082668304443,0.5518910884857178,0.8878380060195923,1.7415666580200195,0.3584562838077545,-1.591761827468872,-0.11833855509757996,0.7241682410240173,0.5123084187507629,-2.4810361862182617,0.26538679003715515,-2.5561914443969727,-0.21791702508926392,-0.06346094608306885,0.17831724882125854
-1.2484097480773926,-0.7373813986778259,0.8648549318313599,-1.5383672714233398,0.5200393795967102,1.168287992477417,1.6203107833862305,-0.6923162937164307,-0.6356459259986877,-0.6454830169677734,-0.5176210403442383,-0.24821285903453827,2.3544788360595703,-1.9893085956573486,1.6513328552246094,-2.1937708854675293,0.41112205386161804,-1.5573055744171143,0.06106919050216675,-2.076967477798462
-1.480471134185791,-0.848242998123169,-1.4117708206176758,1.2020132541656494,0.671347439289093,-0.8183687925338745,-0.7961395978927612,-0.8691754341125488,1.1271467208862305,0.3113310635089874,0.1833249032497406,-0.6217622756958008,-0.5093178153038025,2.141836643218994,-0.0737006664276123,0.494202196598053,-1.323859453201294,-0.7623556852340698,-0.5937498211860657,1.0710686445236206
0.9711776375770569,-0.7916074395179749,1.175412893295288,-1.5470668077468872,0.25542151927948,0.368699848651886,-0.32941558957099915,0.23028555512428284,1.4930322170257568,0.5890260934829712,-1.15860915184021,-1.1916320323944092,-0.03508763015270233,0.548527717590332,0.06532670557498932,-0.017478983849287033,-0.2075754851102829,-0.4808764159679413,-2.1653892993927,-1.2411468029022217
-0.03285402059555054,-0.14179742336273193,1.286954402923584,0.5090537071228027,-0.49309444427490234,0.7997627258300781,-0.12808723747730255,2.0657660961151123,-2.118729829788208,-1.2882845401763916,-2.4576096534729004,2.471233606338501,1.3341068029403687,1.5374078750610352,1.3171570301055908,-0.4103569984436035,0.24066227674484253,-0.9264793992042542,-1.4688044786453247,-1.1785459518432617
0.006619274616241455,-1.2795333862304688,-2.421318531036377,0.6924905776977539,1.4777536392211914,0.820110559463501,-0.04964543879032135,-0.6474525332450867,0.5662806630134583,-0.25657153129577637,-1.1207386255264282,-1.2881282567977905,1.0503804683685303,0.537595272064209,-1.08763587474823,-0.1696687936782837,0.09034451097249985,0.4198419451713562,-0.8640736937522888,-0.07271061837673187
-0.6597268581390381,-0.7865123748779297,0.3046088218688965,0.6218752861022949,1.8269610404968262,0.8594532012939453,-1.0900682210922241,0.45292115211486816,-0.33376097679138184,0.09331841766834259,-1.7122268676757812,-0.9221174120903015,-0.3432362973690033,-1.719583511352539,-0.4315871596336365,0.5216357707977295,-0.5561776161193848,-1.5723309516906738,-0.014260318130254745,1.4997730255126953
-0.03495687246322632,0.0060520172119140625,1.4258043766021729,0.3467613458633423,-0.6076935529708862,1.1984004974365234,-0.3594023585319519,2.4582581520080566,-2.7159512042999268,-1.147650122642517,-2.3395938873291016,2.0403759479522705,1.0552010536193848,1.9835389852523804,2.0930914878845215,-1.1485692262649536,0.37098002433776855,-1.0580216646194458,-1.4642870426177979,-1.5023740530014038
-1.0145145654678345,0.20945434272289276,0.17600969970226288,0.3593618869781494,0.5179519653320312,-1.2181600332260132,-0.1767556071281433,1.4733682870864868,1.0276494026184082,0.021243631839752197,-1.3102502822875977,0.16874775290489197,2.546628475189209,-0.019569724798202515,-0.7461625337600708,2.233079433441162,-0.17741721868515015,-1.330817461013794,0.7993549108505249,1.5327746868133545
1.1756054162979126,0.35922887921333313,1.5684560537338257,-0.7584090232849121,-0.3034917414188385,1.0902053117752075,0.08434244245290756,1.0592401027679443,-0.31611353158950806,-2.400480031967163,-0.4529430866241455,-1.008893609046936,-2.301992893218994,2.210927724838257,-0.024035923182964325,1.5406166315078735,2.4089787006378174,-2.2316179275512695,0.24353042244911194,1.1805332899093628
-2.4183685779571533,2.5778002738952637,-1.9966298341751099,-1.0425519943237305,1.787477731704712,0.5732243657112122,0.7729954123497009,-0.6008635759353638,-0.1388922929763794,1.2289128303527832,-0.5746579766273499,-0.03976172208786011,0.07407629489898682,-0.26884931325912476,-1.8945949077606201,0.2184862196445465,-0.47818124294281006,1.4161746501922607,1.2105402946472168,1.7625551223754883
-1.7732694149017334,0.2995653748512268,-1.035789966583252,-0.9794936776161194,1.7734196186065674,-0.8252285122871399,-1.2867728471755981,-1.0649574995040894,2.028503179550171,0.5233542323112488,0.3091616630554199,-0.21003615856170654,0.5725008249282837,0.2689886689186096,-0.33063140511512756,0.3361087441444397,-1.9595950841903687,0.35755303502082825,0.8561549782752991,0.11216183006763458
-0.10424572229385376,0.19028475880622864,2.1986851692199707,-1.5274443626403809,2.839674949645996,1.057536005973816,0.1596050262451172,0.2709871828556061,0.739440381526947,-0.9662646055221558,-0.436188280582428,0.5955550074577332,-0.43575531244277954,0.04310592636466026,-0.5444532036781311,1.0417566299438477,-1.6724179983139038,-0.5026630759239197,-1.2517062425613403,0.030087601393461227
-0.5476163625717163,-0.23655816912651062,1.0958771705627441,-0.8104755878448486,1.574697732925415,-0.1665402054786682,0.2552025318145752,-0.19808027148246765,0.5547547936439514,0.8294967412948608,-1.072432279586792,-1.6858320236206055,0.33846771717071533,0.7418273687362671,0.8413802981376648,-0.377666711807251,-1.137884497642517,-0.9304008483886719,-0.07622198760509491,1.4253997802734375
-0.36818888783454895,1.2616443634033203,1.1904760599136353,0.15168416500091553,0.9650053977966309,-1.2586164474487305,-0.04469187557697296,-1.089019536972046,0.18708479404449463,1.2118748426437378,-1.2060370445251465,-0.22683222591876984,0.10800181329250336,-0.9442674517631531,0.9140807390213013,0.7521422505378723,-0.3229457139968872,-0.7032419443130493,-0.3549951910972595,-2.802250385284424
-1.1167385578155518,-0.6545575857162476,2.6677284240722656,0.3101445734500885,1.4787331819534302,-0.22758738696575165,2.49831485748291,0.5983098149299622,1.7662522792816162,-0.7841504812240601,-0.9903751611709595,-0.28690671920776367,0.3592228293418884,0.4591846466064453,-1.577477216720581,1.3785345554351807,0.5518190264701843,-0.7896556258201599,0.7775683403015137,-1.383581519126892
0.8752050995826721,-1.6990516185760498,0.34747785329818726,-0.43746620416641235,0.40697604417800903,1.1948543787002563,0.9978717565536499,0.03129167854785919,-0.3335135579109192,1.689379096031189,-0.5449904203414917,-1.2157132625579834,-1.0620129108428955,0.7051407694816589,-0.3779209852218628,-0.048599973320961,-0.6516258716583252,-1.7692158222198486,1.229015588760376,1.7944438457489014
-0.07986843585968018,-0.007919609546661377,2.3331456184387207,2.0245614051818848,0.9135924577713013,0.7081068754196167,1.3055050373077393,0.5012573599815369,1.755791425704956,1.005023717880249,1.170708417892456,-0.12200085818767548,-0.69219970703125,1.9100556373596191,-1.8025039434432983,-1.7687386274337769,0.07517379522323608,-2.2244515419006348,-1.1626238822937012,-0.9539245367050171
0.013423383235931396,-0.325049489736557,1.4911344051361084,-0.7851951718330383,1.4397902488708496,0.12235400080680847,-0.19328464567661285,2.362295627593994,-0.17696991562843323,0.4278709888458252,0.11289937794208527,1.7692439556121826,-1.1472209692001343,0.2571626305580139,-2.051703929901123,-0.2395814061164856,-2.1166493892669678,1.069288969039917,-0.8848284482955933,1.5817770957946777
0.6267917156219482,-1.3461015224456787,-0.14400237798690796,-1.602487564086914,0.10561838746070862,0.6046339273452759,2.402862071990967,0.5001950860023499,0.7051293849945068,0.8947882652282715,-0.31850725412368774,-0.46793583035469055,0.10204019397497177,0.6593380570411682,-0.36113685369491577,1.0486475229263306,-1.2264657020568848,-1.153963565826416,2.4664230346679688,0.6535325050354004
-1.0073965787887573,0.02418205700814724,1.3538849353790283,1.000749111175537,0.6673999428749084,0.23626244068145752,1.9865800142288208,0.1605745553970337,0.15442408621311188,0.17653831839561462,-0.9073385000228882,-0.47548091411590576,0.7460547685623169,0.882108747959137,-0.058930397033691406,0.013265922665596008,1.5148289203643799,-1.4208389520645142,0.7325426936149597,-0.45269155502319336
-1.2901149988174438,-1.3396227359771729,0.740070641040802,1.123644232749939,0.464149534702301,-0.6614174246788025,-0.8491594791412354,0.5344235301017761,1.7578675746917725,0.36246007680892944,-0.6735342144966125,-1.010262131690979,0.8847442865371704,1.1687464714050293,0.7301828861236572,1.3293936252593994,0.17157959938049316,0.25639355182647705,-0.6053445935249329,1.8482048511505127
-0.46438273787498474,-0.24927112460136414,0.2618173062801361,0.03739035874605179,1.8697713613510132,1.3940300941467285,-0.1919865608215332,-0.39211800694465637,0.5703682899475098,0.18614530563354492,0.32950079441070557,0.46845316886901855,-1.4043400287628174,1.14191734790802,-0.6347450613975525,-1.0367546081542969,0.07356785237789154,-0.4178133010864258,-1.719964861869812,0.7867521047592163
-1.4686989784240723,1.3581857681274414,1.5196199417114258,0.34748774766921997,1.4651278257369995,-0.6194034814834595,0.7414481043815613,-0.5813077092170715,0.33100444078445435,0.5929207801818848,-0.26988518238067627,0.210018128156662,0.6325504183769226,0.6248654127120972,-0.5034204125404358,0.20764243602752686,-0.9267411828041077,-0.49661922454833984,-0.8997251391410828,-0.690918505191803
0.8538520336151123,-0.1750490814447403,-0.05722135305404663,0.8849047422409058,2.6933131217956543,-0.27206888794898987,0.09584534168243408,0.7931749820709229,-0.08343420177698135,1.2918367385864258,0.112982839345932,0.7562130689620972,1.9309130907058716,0.13418717682361603,-0.2787875235080719,0.958045482635498,0.025188446044921875,-1.4378297328948975,1.7047669887542725,1.7206591367721558
-1.225955605506897,0.2662650942802429,0.26618579030036926,-0.42172175645828247,2.268064260482788,0.8510174751281738,-0.7890768051147461,-1.8804525136947632,0.2570582926273346,2.3518357276916504,0.6314492225646973,-0.8580013513565063,0.31244826316833496,0.10964322090148926,1.9216607809066772,-1.224901556968689,-0.5246090292930603,0.2928413450717926,-1.3681306838989258,-0.04179385304450989
-1.8723429441452026,-1.4031075239181519,0.161268413066864,0.14539355039596558,2.0344271659851074,-0.6187937259674072,0.587774932384491,1.7801233530044556,0.868195652961731,-1.1581774950027466,1.1771786212921143,0.569159746170044,0.22860130667686462,1.8269819021224976,0.24674096703529358,-0.7506279945373535,0.6338491439819336,-0.8782858848571777,1.7881016731262207,2.6656546592712402
-1.6745222806930542,2.2758395671844482,2.9231324195861816,-2.6752145290374756,1.0561647415161133,-1.9867883920669556,0.15569932758808136,0.8038914203643799,-0.2596743106842041,-0.37579792737960815,-0.7829172015190125,0.3311147093772888,-0.7799019813537598,-2.159740924835205,0.1336578130722046,-0.01858576573431492,-0.6742652654647827,-0.3224901854991913,0.5638364553451538,-1.0334537029266357
0.11809349060058594,-0.8288429379463196,-0.007836461067199707,0.6881080269813538,-0.0848517119884491,1.354653000831604,1.2572437524795532,-1.5001899003982544,0.06456566601991653,-0.36902061104774475,-0.45340031385421753,1.0085129737854004,0.914520263671875,-1.2542884349822998,0.5820153951644897,1.951277494430542,-1.2056612968444824,-0.8522997498512268,-0.22556936740875244,0.06805042922496796
-0.8951069712638855,0.35321393609046936,0.6364052891731262,-0.13984718918800354,0.7137148380279541,-0.9951213598251343,0.5459235906600952,0.9571659564971924,0.45184990763664246,-0.028303205966949463,-1.4430110454559326,-0.6887269020080566,-0.42999541759490967,0.761221706867218,-0.5203669667243958,-0.19328486919403076,-1.4761598110198975,-0.81388258934021,0.49779272079467773,1.0798366069793701
0.09823298454284668,-1.037399411201477,0.40286368131637573,-1.005361557006836,0.46534988284111023,0.7786456942558289,0.9298266172409058,-1.3441873788833618,0.5347745418548584,-0.2681434750556946,-1.4443246126174927,-2.0753488540649414,-0.7111997604370117,0.579664945602417,0.7701825499534607,-0.5612756013870239,-0.04491502046585083,-0.30474933981895447,-1.1786386966705322,-1.3645801544189453
-1.1855982542037964,0.16468684375286102,-0.32497191429138184,0.7198449373245239,2.1313939094543457,0.4442720413208008,0.9679031372070312,-0.444108784198761,0.04022420942783356,-0.19912183284759521,-1.2721275091171265,-0.1790698766708374,-0.36824050545692444,0.2405947744846344,-1.1788803339004517,0.7958410978317261,0.15401655435562134,1.548753261566162,0.2770329713821411,0.1545177698135376
-1.7347979545593262,-0.04003429412841797,-0.06447256356477737,-1.5057708024978638,1.7129576206207275,0.5225446224212646,-1.116148591041565,-0.6456661224365234,0.5646044015884399,-0.236618772149086,-1.0463099479675293,-0.14577226340770721,1.4688234329223633,-0.7894794940948486,0.075798898935318,2.1603615283966064,-1.0000598430633545,0.780027449131012,0.23206162452697754,0.12788140773773193
1.62054443359375,1.0435259342193604,0.2619686722755432,-0.8213397860527039,0.3987520933151245,-1.7684619426727295,1.0622193813323975,0.6406079530715942,-1.3891841173171997,1.852215051651001,-1.729741096496582,-0.27598807215690613,1.3216053247451782,-0.039429694414138794,0.056595563888549805,1.8712533712387085,-0.17219215631484985,-0.31336283683776855,1.5131827592849731,-0.2057105302810669
-2.0855114459991455,-0.410592257976532,-2.066560983657837,1.2023125886917114,1.3226428031921387,-2.3478124141693115,0.2998640239238739,-0.2546537518501282,1.055838704109192,0.05647739768028259,-0.5894390344619751,-0.11332289129495621,0.3637513220310211,0.381389856338501,0.7924056649208069,-1.3098098039627075,2.39532208442688,-0.6445772647857666,1.165481448173523,1.6957513093948364
-0.45297977328300476,0.3946450650691986,-0.7373128533363342,-0.7425261735916138,1.1575136184692383,-1.2436087131500244,-0.9490960240364075,-1.071359395980835,1.2942713499069214,1.3200255632400513,-0.6497147679328918,-0.6502983570098877,2.147667169570923,0.5833518505096436,-0.30815231800079346,0.7870252132415771,-1.6255042552947998,1.0626978874206543,-1.4902843236923218,0.10093006491661072
-0.30760133266448975,-0.7020876407623291,2.26863431930542,-1.1749117374420166,2.1675174236297607,0.9313622713088989,-1.3765591382980347,1.4867314100265503,-0.8240522742271423,2.094081401824951,-1.139827847480774,-0.15363235771656036,-0.31502634286880493,-2.105113983154297,-0.13403856754302979,-1.4986275434494019,-0.6356123685836792,1.3291183710098267,-2.264057159423828,0.6410542726516724
-1.3055105209350586,-0.3045639395713806,0.4388412535190582,0.915412425994873,0.20163965225219727,-0.1154007613658905,0.6819074153900146,-1.1098495721817017,1.1711012125015259,-0.25261715054512024,-0.9006407260894775,-0.06840917468070984,-0.1266716867685318,0.3575790226459503,-1.2234219312667847,0.6281334161758423,-0.006500445306301117,-0.45138171315193176,-0.3021950423717499,-0.5492351651191711
-0.7027122378349304,0.3780181407928467,0.31522655487060547,-0.7929567098617554,0.7308713793754578,-0.3328149914741516,1.4658693075180054,-1.7001510858535767,-0.38775014877319336,-0.08129264414310455,-0.22284342348575592,-2.2983226776123047,-1.5171732902526855,1.850770115852356,1.0868589878082275,0.5864936709403992,2.3048171997070312,1.7609422206878662,0.5534321665763855,-0.24452996253967285
0.39862310886383057,-1.8185980319976807,-0.7372488379478455,0.5000340342521667,-0.12842783331871033,1.3147873878479004,1.1655129194259644,-1.5483496189117432,0.22694000601768494,0.2774137258529663,-0.001552879810333252,-0.02416430413722992,1.9595727920532227,-0.8892260789871216,0.9406054615974426,1.5949052572250366,-0.08583241701126099,-1.1528310775756836,-0.20955829322338104,0.08563122153282166
0.3210888206958771,-1.109628677368164,0.8356184363365173,-1.0213621854782104,-0.8951702117919922,0.2128629982471466,0.15346549451351166,-1.0038738250732422,0.8783673048019409,0.8183259963989258,-0.6093382835388184,-1.992146611213684,-0.46879473328590393,1.7086008787155151,1.6004903316497803,-0.45510056614875793,-1.2529834508895874,-0.7291648387908936,-1.071056604385376,0.946237325668335
-1.211365818977356,0.0825047492980957,-0.6059638857841492,0.7736872434616089,0.7044457793235779,-0.22746390104293823,-1.4678038358688354,-0.47271019220352173,0.10946936905384064,-0.21392720937728882,-0.9234213829040527,-0.6452422142028809,-0.4905163645744324,-0.13423475623130798,-0.6299957036972046,0.23217062652111053,-0.13116659224033356,-2.2285258769989014,0.3003397285938263,1.3979099988937378
-0.5304626226425171,-0.7653486728668213,-1.1115729808807373,0.13836754858493805,2.3821849822998047,0.23520195484161377,-0.0715169906616211,1.0458984375,0.1152525320649147,-0.4380030632019043,-1.902151346206665,-0.6585830450057983,-0.47085198760032654,-0.6273634433746338,-1.117334008216858,-0.2884069085121155,-0.7235676050186157,0.47828346490859985,-0.04434680938720703,0.2054995745420456
-0.6680489778518677,-2.5123777389526367,-1.9251148700714111,0.6692709922790527,1.4368726015090942,2.009665012359619,-0.3361009955406189,-0.36428871750831604,0.5939813256263733,-0.4124862849712372,-0.3493742346763611,-0.5786712169647217,-0.16545462608337402,-0.15415377914905548,-1.753126621246338,-0.7168173789978027,-0.5500552654266357,0.16807296872138977,-0.8344994783401489,0.2776864171028137
-0.00602605938911438,1.5077626705169678,-0.5447739362716675,0.7825948596000671,0.7716382741928101,-0.31418555974960327,1.3957746028900146,0.21465489268302917,-0.7377070188522339,-1.0699738264083862,-1.456628680229187,1.4900826215744019,1.428389549255371,0.8447490930557251,0.9167835712432861,-0.07522591948509216,-0.2409752905368805,-0.8688717484474182,-1.5582033395767212,-0.9261358976364136
0.03754568099975586,0.08919650316238403,-1.3513103723526,0.7412298321723938,2.1955809593200684,-0.4224385619163513,0.35919320583343506,0.054628729820251465,-0.8278940916061401,1.2139391899108887,-1.3275271654129028,-0.42330503463745117,0.26769858598709106,0.2378268837928772,-1.4038121700286865,0.35717469453811646,-0.1567838191986084,1.3103832006454468,0.8169978260993958,0.8363760709762573
-1.5036489963531494,1.6323633193969727,0.8757097721099854,0.3149258494377136,-0.5364563465118408,0.6837330460548401,3.6301262378692627,0.7586500644683838,-1.4812101125717163,-1.7546412944793701,0.4190515875816345,2.2373592853546143,0.984679639339447,1.3029253482818604,-0.4118427634239197,-1.8113305568695068,-2.5960168838500977,-0.8038116693496704,-2.1819965839385986,2.1925384998321533
0.6723209619522095,-1.1467208862304688,0.6688852906227112,-1.2348947525024414,-0.3782288134098053,0.3528653383255005,-0.5431492924690247,-0.4197324216365814,0.4711807072162628,-0.43184736371040344,-1.6808137893676758,-1.7954010963439941,-2.1174490451812744,-0.4744870662689209,-0.44903457164764404,-0.2891605794429779,-0.771462082862854,-1.3115006685256958,-0.9471430778503418,-1.0836045742034912
-0.8390063643455505,-1.3427157402038574,-0.3507615625858307,-0.8680041432380676,1.3413372039794922,-0.29679474234580994,-0.6375305652618408,0.8958561420440674,0.9862232208251953,0.13571807742118835,-1.1946789026260376,-2.1063342094421387,-1.103283166885376,0.6873804330825806,1.600237250328064,-0.6639940142631531,-0.6163909435272217,0.8044391870498657,0.8305954933166504,-0.45001769065856934
-0.5761353969573975,0.9359954595565796,1.6676579713821411,-1.4228984117507935,-1.2472907304763794,-1.1402289867401123,0.6476342082023621,-0.5298573970794678,1.0412368774414062,0.9657306671142578,-1.2109532356262207,-1.757941484451294,0.9646741151809692,0.9637694954872131,0.4958305358886719,0.06248895823955536,-1.4651657342910767,-1.3214545249938965,-1.3783248662948608,-0.18648943305015564
-1.4785621166229248,-1.0029736757278442,0.36900028586387634,1.75636625289917,-0.5515031814575195,0.507644534111023,0.6913963556289673,-0.9528807997703552,0.005577892065048218,-0.523242175579071,-0.897720217704773,-1.212465524673462,-0.6344274878501892,0.9643082618713379,0.5943305492401123,0.9466869235038757,-0.8009710907936096,0.40635916590690613,-1.232513189315796,1.2343677282333374
-1.716747760772705,-0.14300577342510223,0.701398491859436,-0.7190607786178589,-0.3526431918144226,1.1172881126403809,-0.407468318939209,-0.5555959939956665,2.2036986351013184,0.28250008821487427,0.04382592439651489,-0.23481735587120056,0.5313847661018372,-2.178204298019409,1.1584992408752441,1.221677541732788,-1.4953364133834839,-0.24601192772388458,-1.3378770351409912,0.796268105506897
-0.7661975026130676,0.7218866944313049,-0.8688290119171143,0.867529034614563,-0.15509289503097534,0.22557243704795837,-0.531341016292572,-0.9773684740066528,1.1792662143707275,0.553505539894104,0.2538520097732544,-1.1031595468521118,-1.951535701751709,3.4873759746551514,-0.18123453855514526,1.2469621896743774,-0.6128616333007812,-0.564056932926178,-0.9901373386383057,0.6364780068397522
1.3104407787322998,0.31291601061820984,-0.10874110460281372,-0.4941277801990509,1.2367196083068848,0.8056620359420776,-2.5911765098571777,-1.2320762872695923,1.3885750770568848,0.63963782787323,-2.0310566425323486,-0.12824976444244385,1.6067018508911133,-0.810131311416626,1.5132657289505005,3.051661968231201,0.6255487203598022,1.598239779472351,-2.4538209438323975,0.26796090602874756
-2.1474807262420654,-0.6379928588867188,0.7563408613204956,-1.3015470504760742,0.9484885334968567,-0.8383705615997314,-1.0248876810073853,0.45721161365509033,1.508439302444458,-0.5710320472717285,-1.179032564163208,-1.1816020011901855,-0.7286622524261475,-0.6562963128089905,0.1821385622024536,0.7033870816230774,-1.4168996810913086,0.869657039642334,-0.23337462544441223,-0.0962136909365654
-0.5111123323440552,0.6469064950942993,0.5969461798667908,-0.03941613435745239,1.1002519130706787,-0.6554456949234009,-0.182305246591568,-0.13542941212654114,-0.05165630578994751,0.02181962877511978,-2.2265665531158447,0.20133456587791443,0.5589098930358887,-1.3635720014572144,-0.8221994042396545,0.3581158220767975,0.8427125215530396,-1.0666663646697998,-0.5249776840209961,-0.18999417126178741
-1.4280004501342773,0.25578439235687256,0.7306764125823975,-0.3415372371673584,1.1588540077209473,0.19653485715389252,-0.1713598221540451,0.27445361018180847,0.5644109845161438,-0.343031644821167,0.8797407150268555,-0.26029300689697266,1.7955842018127441,2.112184524536133,1.4018601179122925,0.6414453983306885,1.9761216640472412,0.4928685128688812,-0.19111019372940063,1.5055947303771973
0.520754873752594,-1.8145370483398438,-0.7247592806816101,2.302807569503784,2.9709625244140625,0.41951194405555725,-0.2858029007911682,0.006353795528411865,0.7695767283439636,0.5532956123352051,-0.4049221873283386,0.6625649333000183,0.6775593757629395,0.6539621949195862,0.10225492715835571,0.2507621943950653,-0.6704841256141663,2.2333991527557373,-1.4516751766204834,0.13429279625415802
-0.5762813091278076,-0.1415797472000122,-0.5861237049102783,2.383585214614868,0.2652518153190613,-0.40630990266799927,0.11395188421010971,-0.42455893754959106,-1.1998672485351562,-1.184126853942871,-0.8926278352737427,-1.0051038265228271,-1.5056090354919434,0.0783964991569519,0.7667422294616699,1.234958291053772,-0.5022091865539551,-1.7174168825149536,0.12373441457748413,0.7984462976455688
-1.1282670497894287,0.04161180555820465,-0.3593217432498932,-0.8888022899627686,0.4576948881149292,0.26845118403434753,-0.04417017102241516,-0.7305364608764648,0.005580037832260132,-0.6907874941825867,-1.1125656366348267,-0.7528586387634277,0.9910170435905457,-0.7303949594497681,0.03113366663455963,0.8280400633811951,-0.19798973202705383,0.00942981243133545,-0.8782116770744324,1.1688663959503174
-0.17814868688583374,-0.3910534977912903,0.334292471408844,-1.0720504522323608,0.6542353630065918,-0.5874454975128174,-1.6575448513031006,0.8074895739555359,0.4930321276187897,-0.3815061151981354,-1.5919334888458252,-0.7072510123252869,-0.11947795748710632,-2.2868504524230957,0.35877150297164917,1.1315584182739258,-0.8685829639434814,-1.2178289890289307,-0.20017969608306885,0.4016916751861572
-0.001774609088897705,-2.009645462036133,1.3587710857391357,0.29295510053634644,0.39599311351776123,0.4417281746864319,-1.720292091369629,1.4914851188659668,1.2307701110839844,0.9304866790771484,-0.520155668258667,-0.00735886674374342,-0.8140761852264404,-0.5967456102371216,0.5273138880729675,-0.9864466190338135,-1.4254505634307861,-0.10675227642059326,-2.1153857707977295,0.5722544193267822
1.0129200220108032,-1.462981104850769,-0.5585042834281921,-0.4162111282348633,1.646523356437683,0.4336503744125366,0.8993632793426514,-0.849285364151001,0.36246469616889954,0.29350608587265015,-0.8879150152206421,-0.826855480670929,-0.09904414415359497,0.9057252407073975,-1.056442141532898,-0.4495394229888916,-1.361538290977478,-0.8569532036781311,-0.18758367002010345,0.407319039106369
-2.676482677459717,0.7556593418121338,2.3330719470977783,-3.1921472549438477,-1.3755173683166504,-1.1078171730041504,-1.0957210063934326,-1.4527587890625,0.11706629395484924,-1.1315929889678955,0.7110800743103027,0.30161356925964355,-1.2414191961288452,-1.2534534931182861,0.9024764895439148,-1.5301427841186523,0.3221830129623413,0.6886662840843201,-1.7441840171813965,0.2756723463535309
-1.353304147720337,-0.8626043200492859,1.0355592966079712,-2.023162841796875,-0.8963243961334229,0.4343905448913574,-0.6780925393104553,-0.5570623874664307,0.6956048607826233,-0.3914813995361328,-0.497361421585083,0.5504180788993835,-1.310783863067627,0.12046295404434204,-1.3868850469589233,-0.9227427840232849,-0.9620746374130249,-1.1789942979812622,-1.307267427444458,0.44099289178848267
0.2792227566242218,0.5648282766342163,-0.12640172243118286,-0.5663307905197144,0.5936422348022461,0.5693916082382202,-0.6319836378097534,-1.8397101163864136,-0.24664953351020813,2.6349031925201416,-0.1136300265789032,-0.6770882606506348,-2.481433868408203,-0.5531507730484009,-0.227853924036026,-2.904356002807617,-1.3888638019561768,-0.34902918338775635,-1.721548080444336,-0.9089196920394897
0.6253296136856079,0.5409470796585083,1.3341856002807617,-0.4335891604423523,1.0284385681152344,-0.7329343557357788,1.669946312904358,0.01372423768043518,-1.262374758720398,1.0848314762115479,-0.39274364709854126,1.031355857849121,0.2122737169265747,-0.5821319818496704,1.2557154893875122,1.3434791564941406,-1.3572216033935547,0.3401932716369629,0.7783730626106262,0.5657706260681152
0.840742826461792,-0.7268109321594238,2.0400891304016113,-0.4915198087692261,0.011231213808059692,-1.423201322555542,0.6652433276176453,0.9857853651046753,-0.3499763607978821,-0.7353479862213135,0.11196708679199219,-0.20943483710289001,0.07725334167480469,-0.5777621269226074,2.7534501552581787,1.6213912963867188,-0.38765406608581543,-1.0072146654129028,0.39743736386299133,0.8307748436927795
-1.5446879863739014,0.5938171744346619,-0.6610506772994995,-1.1075807809829712,1.6422433853149414,-0.4455938935279846,0.672561526298523,0.4723238945007324,-1.0120666027069092,-1.638632893562317,-0.5437526106834412,-0.20617073774337769,-0.344298392534256,-0.8094416856765747,-0.5761051177978516,-0.6859040260314941,1.8706809282302856,-0.30973681807518005,1.3863636255264282,1.1010093688964844
-0.4068818986415863,0.4090600907802582,0.6512923240661621,0.47990596294403076,1.7234117984771729,-0.17127622663974762,0.7393593192100525,1.0309029817581177,-0.3545665740966797,0.491518497467041,-0.8034446239471436,0.10850194841623306,0.9326381683349609,0.6724500060081482,-0.8464924693107605,0.8798770904541016,-0.03841868042945862,0.5426902770996094,-0.025905657559633255,1.2342250347137451
-0.6538726687431335,-0.2799718677997589,1.5488028526306152,-1.590341329574585,-1.0789923667907715,0.694473385810852,1.2848820686340332,-0.6947510242462158,0.41816624999046326,-0.05015610158443451,-0.04986757040023804,-0.8343497514724731,1.0733122825622559,0.204618901014328,1.0271893739700317,-1.5166223049163818,0.27471619844436646,-0.7734333276748657,-1.0579406023025513,-0.21804745495319366
0.7291423678398132,0.05967182293534279,1.297912359237671,1.4084999561309814,1.3342108726501465,0.6168653964996338,-0.3736454248428345,0.7571141719818115,-0.1423516571521759,-0.4303174912929535,-1.4137816429138184,0.6219007968902588,0.11198084056377411,0.35215190052986145,-1.9264802932739258,1.8982083797454834,1.2381947040557861,1.1091339588165283,-2.130648136138916,1.7777800559997559
-1.5871232748031616,-0.8217177391052246,-1.3689996004104614,-0.841727077960968,1.9051978588104248,-0.6560327410697937,-1.2172222137451172,0.6826796531677246,2.0165085792541504,-1.4955792427062988,-1.3586320877075195,-1.72128164768219,-1.3603813648223877,0.5753651857376099,1.593475341796875,-0.049645692110061646,-1.6159117221832275,0.7577831745147705,0.3811104893684387,-0.2992318868637085
-0.2782309353351593,0.30584797263145447,1.6075434684753418,-1.0062378644943237,1.9826686382293701,-0.06689409911632538,0.319585919380188,0.08954927325248718,0.38208937644958496,-0.518334150314331,-0.22355803847312927,-0.00761265866458416,0.8623156547546387,0.30033692717552185,-0.8209525346755981,0.4725554287433624,0.9564145803451538,-0.5225296020507812,-0.506105899810791,0.05272972583770752
0.29345428943634033,-2.1543123722076416,0.022052928805351257,0.045440077781677246,0.7183824181556702,0.3398200273513794,0.813373327255249,-1.0909481048583984,0.8748639822006226,-1.681423544883728,-0.1598936915397644,1.578751564025879,0.22666579484939575,-1.3412123918533325,0.26552915573120117,3.7584457397460938,-1.0093817710876465,-0.7045266628265381,-0.8248592615127563,-0.370901882648468
-0.9470536112785339,-0.44862836599349976,0.3044108748435974,0.8288840651512146,1.993220567703247,0.6005773544311523,0.9848471283912659,0.47211626172065735,-0.0016739964485168457,-0.47624173760414124,-0.9948927164077759,0.30956846475601196,0.007343411445617676,-1.069532871246338,-1.4208502769470215,0.412589967250824,1.0251802206039429,-0.19236332178115845,0.2175673395395279,-0.7251850962638855
-1.263096570968628,1.4655537605285645,0.07984182238578796,-0.4060283303260803,-0.2757803797721863,-1.603229284286499,2.6643965244293213,-2.3026556968688965,-0.9956233501434326,0.03174006938934326,0.03034031391143799,0.31038039922714233,0.2317803055047989,1.4964957237243652,-1.4772037267684937,0.485512375831604,0.4381924271583557,-1.4625762701034546,2.0375277996063232,-1.6334123611450195
0.6558722853660583,-0.021466553211212158,-0.9022067189216614,-0.9760533571243286,-0.5065840482711792,0.40780913829803467,-0.7587462663650513,0.009152650833129883,-0.025022219866514206,-0.3671553432941437,-0.8827120661735535,-0.7613168358802795,-0.9216797351837158,-0.39384204149246216,0.07866404950618744,-1.587756872177124,-1.2884641885757446,0.437658429145813,-1.5709069967269897,0.2472422868013382
-0.2393418550491333,0.2137976735830307,1.2253336906433105,0.06771484762430191,2.835646152496338,-0.11110614240169525,0.4215320944786072,0.5696196556091309,0.5646927952766418,0.4377736747264862,0.25916582345962524,0.9772433638572693,0.07153816521167755,-0.08309181034564972,-0.6978627443313599,0.9367247819900513,-0.15710562467575073,0.0747537612915039,0.19802947342395782,-0.4366714358329773
1.2445857524871826,-1.0331957340240479,0.2296004295349121,-0.560005784034729,1.0257315635681152,1.2825160026550293,-2.2789807319641113,0.06294678151607513,0.8804064989089966,1.4722213745117188,0.08223247528076172,-0.375859797000885,-1.5978189706802368,-0.4282715618610382,0.10252918303012848,-0.0839250385761261,-0.9095701575279236,-1.325716257095337,-0.459842324256897,0.9933892488479614
0.7856200337409973,-0.4131081998348236,0.13596712052822113,-1.2744109630584717,-0.47521132230758667,0.9821555614471436,1.4858510494232178,-0.10811591148376465,-1.184202790260315,1.816716194152832,-0.23379525542259216,-1.5723891258239746,-1.1081507205963135,0.7318397164344788,0.4922142028808594,-0.9553443193435669,-1.1425373554229736,-0.4780516028404236,1.008514642715454,1.6386723518371582
0.45976218581199646,0.4956551790237427,0.06288787722587585,0.11236941814422607,1.7766668796539307,-1.0052950382232666,-1.8472959995269775,1.9628121852874756,0.12054237723350525,1.9799096584320068,-0.5962314605712891,0.01774708926677704,1.8580796718597412,0.3361484110355377,-1.0852062702178955,0.9172007441520691,1.285834789276123,-0.3040856420993805,0.8518223762512207,1.1527453660964966
-1.7717705965042114,-0.17136657238006592,-1.0241293907165527,3.132321834564209,0.18365329504013062,-0.5134828090667725,0.6961739659309387,-1.005884051322937,-0.11096780002117157,-0.5576906204223633,-1.4665913581848145,-0.08167177438735962,0.6357458829879761,0.3560678958892822,-0.3541717231273651,1.8609521389007568,0.5769068002700806,-0.20024782419204712,0.49056750535964966,1.4638612270355225
2.0323848724365234,-0.3626677691936493,-0.8158026933670044,-0.9166845679283142,-1.0728626251220703,-0.06800349801778793,-0.8216038942337036,1.682802677154541,-0.549759030342102,0.5913956165313721,-0.3164839446544647,-0.915717363357544,-1.6063344478607178,1.245483160018921,-1.6857595443725586,-0.27691781520843506,0.08932377398014069,-0.22595681250095367,-0.5624946355819702,-0.9487582445144653
1.4938199520111084,-1.2182985544204712,1.120933175086975,-0.7259413003921509,0.5577731728553772,0.13230472803115845,-1.5065618753433228,1.8873597383499146,-0.29224854707717896,0.7602859139442444,-0.2921662926673889,-0.05164225772023201,-0.6481994390487671,-1.038880467414856,1.3419418334960938,-0.7845785617828369,-1.5624903440475464,-1.4434924125671387,-1.631539225578308,0.5342433452606201
0.6421399116516113,-0.7278295755386353,0.19936087727546692,0.5585936307907104,1.6431965827941895,-0.37020552158355713,-0.2043658196926117,-0.3649001717567444,-1.1112852096557617,1.3517074584960938,-0.3547157645225525,-0.8247101306915283,0.26560699939727783,1.3681153059005737,0.7143188118934631,-1.0240463018417358,1.406780481338501,0.8354438543319702,-0.5664680004119873,2.049377918243408
-0.44533851742744446,0.3119761645793915,-1.043971061706543,2.219918966293335,-0.1770756095647812,0.18794260919094086,-1.055104374885559,-1.1268810033798218,1.0460212230682373,0.5297238826751709,-0.6404666900634766,-0.896788477897644,-1.4829826354980469,2.234147548675537,0.7522016763687134,0.8623063564300537,-0.10787104070186615,-0.02073676325380802,-1.2344082593917847,0.3616890013217926
-0.030709877610206604,-0.24598221480846405,0.5824629068374634,-1.4043245315551758,0.061610639095306396,0.5346337556838989,0.5005491375923157,-0.10387958586215973,0.40404969453811646,0.4130078852176666,-1.0019285678863525,-0.9271976947784424,-0.3130582869052887,0.4395661950111389,-1.065815806388855,-0.35509374737739563,0.1784551590681076,-0.9734470844268799,0.3851833939552307,0.4555280804634094
-0.2188667207956314,0.9283567070960999,-0.024950027465820312,-0.38896188139915466,0.4819757640361786,-0.2697467505931854,0.9649394750595093,-0.5508121252059937,-0.09991545975208282,0.9023351073265076,-0.33678725361824036,0.09645497798919678,1.0181124210357666,0.8118667602539062,-0.6894214153289795,0.7250822186470032,-0.3890022933483124,-0.8041884303092957,0.4021949768066406,0.420500248670578
0.4141433537006378,-1.6471543312072754,-1.0518651008605957,0.015647292137145996,1.251436710357666,0.3655564486980438,-1.399329423904419,-1.1146847009658813,0.926469087600708,1.353194236755371,0.1663874387741089,-1.640061855316162,1.0728338956832886,0.4642176926136017,2.3043594360351562,0.5243051052093506,1.1420828104019165,1.0736370086669922,-0.757530927658081,0.16109681129455566
-0.9159133434295654,-0.3192574381828308,-0.3439137637615204,1.472035527229309,2.361332893371582,0.2536713778972626,0.4925563633441925,0.3681735396385193,0.6362272500991821,1.03523850440979,-0.0791960209608078,0.9404829144477844,1.1873762607574463,-0.5497210025787354,-1.110923409461975,-0.4084594249725342,-0.29247575998306274,-0.40438657999038696,-0.4387552738189697,0.44974464178085327
-0.4151172935962677,0.23863044381141663,-0.776509702205658,-0.4301852881908417,1.1629948616027832,-1.1759576797485352,-0.6266873478889465,0.2930493652820587,0.21086806058883667,-1.0394290685653687,-1.423842191696167,-1.438502311706543,-1.2935348749160767,0.9659839272499084,1.265181064605713,-0.2589845061302185,-0.7604353427886963,0.5239671468734741,0.011342614889144897,-0.5404965281486511
0.08587402105331421,0.5138639211654663,0.245554119348526,-1.1126370429992676,1.6098101139068604,-0.3425518572330475,0.14632543921470642,-0.13156156241893768,0.025788232684135437,-0.0282813161611557,-1.3066537380218506,-0.8064236044883728,1.4384431838989258,-1.0506428480148315,0.9964089393615723,0.5203509330749512,0.36373355984687805,1.1099395751953125,-0.00125163234770298,-0.0831480622291565
0.16091929376125336,-0.5942460894584656,-1.1958558559417725,1.578049898147583,1.3766226768493652,-0.5753173828125,1.2026351690292358,-0.3881951868534088,0.2643526792526245,1.5834712982177734,-0.7134203314781189,0.33130377531051636,1.0447622537612915,-0.14521384239196777,0.41332098841667175,-0.4990864396095276,-1.5320820808410645,1.3216018676757812,-1.1768109798431396,0.37219756841659546
-1.0639731884002686,-1.0123833417892456,0.5697172284126282,0.5737698078155518,0.22685155272483826,0.808837890625,-0.11110992729663849,-0.3349042534828186,1.375525712966919,-0.20104995369911194,1.15276038646698,-0.7794089317321777,-0.6142710447311401,1.9466867446899414,1.1101890802383423,-1.0783846378326416,1.4644732475280762,-1.042945384979248,-0.9162256717681885,0.29162439703941345
0.7637910842895508,1.725782036781311,-1.7916802167892456,0.8509612679481506,0.415504515171051,-2.119447946548462,1.0978367328643799,0.263296902179718,-0.9172593951225281,0.4185905456542969,-1.8630391359329224,0.4025670289993286,0.6451314091682434,0.4521639347076416,-0.6939204931259155,1.5031230449676514,-1.7303556203842163,-0.7527388334274292,1.966995120048523,0.33976423740386963
0.5714569091796875,-0.863908052444458,0.7960343956947327,0.11661241948604584,1.6493785381317139,1.0932228565216064,0.18631891906261444,0.5049003958702087,-0.6349268555641174,0.27578338980674744,-1.2081379890441895,-1.0571532249450684,-0.24845744669437408,-0.18532222509384155,-0.5378546714782715,-0.08513419330120087,-0.015738695859909058,-0.225803405046463,-0.5780373811721802,1.2626233100891113
-0.2805037796497345,-2.1390459537506104,-1.3503525257110596,2.5929031372070312,0.9614400267601013,1.2095803022384644,-1.5773015022277832,-1.2885541915893555,0.48430758714675903,1.2341156005859375,-0.5863829255104065,-1.2766035795211792,0.7881683111190796,0.007838994264602661,0.36142396926879883,0.8865869641304016,0.9812084436416626,-2.1643524169921875,0.8093745708465576,1.2992593050003052
-1.4464880228042603,1.4013147354125977,-0.7774617075920105,1.0337600708007812,1.2888643741607666,-0.702278196811676,2.29317045211792,-1.2003635168075562,0.919218897819519,0.6946396827697754,-1.487799882888794,1.3745555877685547,0.3215748071670532,1.0441254377365112,-1.1134998798370361,0.552284300327301,1.484968662261963,-0.5291237831115723,1.928952693939209,-0.9866290092468262
-2.0620787143707275,0.2633335292339325,1.3322235345840454,-0.6986376047134399,0.252766877412796,0.04057088494300842,0.09533831477165222,0.7482359409332275,-0.6652936339378357,-2.180802345275879,0.48745444416999817,-1.052717685699463,-1.3455760478973389,0.4586055874824524,2.037250280380249,-0.8400319814682007,1.21773362159729,-2.04205060005188,1.7277214527130127,1.6526079177856445
-0.36360543966293335,2.1905055046081543,-0.7572873830795288,1.0935728549957275,0.04633650183677673,0.877103328704834,2.1184966564178467,-0.25155025720596313,-0.3251149654388428,-0.7715996503829956,-0.02944185957312584,1.2869374752044678,1.3228905200958252,0.9348042011260986,0.9196333885192871,-1.1934009790420532,-0.5855574607849121,-1.4115567207336426,-2.2302405834198,0.5886574983596802
1.2360445261001587,0.3430463969707489,1.4851435422897339,-2.117037296295166,-0.6110623478889465,-1.308059811592102,-1.8501439094543457,-0.45435136556625366,1.353477120399475,0.7005019187927246,-1.4163682460784912,-1.1362335681915283,-0.3942475914955139,0.992264449596405,1.0929094552993774,0.041553616523742676,0.08079667389392853,0.09776276350021362,-2.709095001220703,-0.7506750822067261
-3.315783977508545,1.4339572191238403,-0.810724139213562,-1.50928795337677,1.3860633373260498,1.995025634765625,-0.7543054819107056,-0.8721211552619934,0.6063225269317627,-1.6399463415145874,-1.1785287857055664,-1.2472350597381592,1.4370906352996826,-1.931900978088379,-0.8558943867683411,1.6662752628326416,0.5799477100372314,1.8090440034866333,0.251791387796402,1.301662564277649
-0.48325031995773315,-1.605301856994629,0.4320235252380371,2.5497422218322754,-0.8829015493392944,1.5608487129211426,1.147047758102417,-1.0243861675262451,0.7517812848091125,-1.4254262447357178,0.9763628244400024,-0.8126112222671509,-1.1161444187164307,0.08388308435678482,2.0970139503479004,-0.1594437062740326,1.242592692375183,-2.5855135917663574,-0.2749400734901428,-1.1660401821136475
-0.5141189098358154,-0.9683340787887573,1.4865634441375732,0.4547698199748993,0.22618629038333893,0.04435226321220398,0.70414137840271,0.9638650417327881,0.7015529274940491,-0.08692872524261475,0.19853857159614563,-0.07741987705230713,0.7502695918083191,0.589916467666626,0.2846924662590027,0.7501678466796875,1.3063400983810425,-0.456662654876709,0.06506301462650299,0.19503800570964813
-0.2144901603460312,-0.6695523262023926,-0.916183352470398,1.691367268562317,1.8474152088165283,-0.6562767028808594,0.8023455739021301,0.1857435703277588,-1.519348382949829,0.932632327079773,-0.8884135484695435,-1.1068613529205322,1.1499967575073242,0.5708844661712646,-0.1075436994433403,-0.518322229385376,0.2990210950374603,0.9321747422218323,0.6637071967124939,1.6238044500350952
0.32074594497680664,0.037315741181373596,0.17595651745796204,-1.1399658918380737,0.8522473573684692,-0.6665264964103699,-0.5106115937232971,0.44118040800094604,-0.03004375286400318,-0.06290838122367859,-1.6708775758743286,-1.0319887399673462,-0.4111173152923584,-0.2566034197807312,-0.42397022247314453,-0.4419171214103699,-0.018748849630355835,1.4236506223678589,-2.1108503341674805,-0.8585620522499084
-0.3147237002849579,-0.27110886573791504,1.0687239170074463,0.7740262746810913,0.5072482228279114,-1.0064520835876465,-0.4666220545768738,0.7717980146408081,-0.3386255204677582,0.3437823951244354,-0.5958355069160461,-1.494389295578003,-0.8914865851402283,0.13947978615760803,2.372199296951294,-1.6781057119369507,2.2422144412994385,-1.2490646839141846,1.2440600395202637,-1.698228120803833
-0.9950079917907715,0.6397671699523926,0.5708905458450317,-0.687426745891571,1.01857328414917,0.36436018347740173,1.2067954540252686,0.06634317338466644,0.017262697219848633,1.4515085220336914,-0.0020135343074798584,0.20455792546272278,-0.12380632758140564,0.6964197158813477,-2.8826539516448975,0.6505221724510193,-0.35651105642318726,-1.1200079917907715,1.2344611883163452,2.368603229522705
-1.365488052368164,1.5686347484588623,0.34629154205322266,-1.861810326576233,1.7041563987731934,-0.20634421706199646,0.36124154925346375,0.9694594740867615,-1.2737758159637451,-2.5365238189697266,-0.36419543623924255,-0.008422210812568665,0.5069404244422913,-1.0915099382400513,0.254364937543869,-1.3661205768585205,1.2521859407424927,-0.9790030717849731,-0.2774583101272583,1.7605514526367188
-0.26401209831237793,-1.3065993785858154,-0.3611096739768982,0.765315592288971,1.5538575649261475,0.8460269570350647,-0.4951232671737671,-1.2505193948745728,1.09373140335083,-0.1018376499414444,-0.626044750213623,0.0913739949464798,-0.24066311120986938,0.4828130900859833,-0.2950204610824585,2.431857109069824,0.25391635298728943,0.9675970673561096,0.19444668292999268,0.725855827331543
-0.953572154045105,0.20421616733074188,-0.338504433631897,-0.3747003972530365,1.1890348196029663,1.4702363014221191,0.9717474579811096,0.8157904148101807,0.024712175130844116,1.5379712581634521,0.11872585117816925,-0.014455847442150116,2.1921420097351074,0.6300278902053833,0.26634517312049866,1.2777107954025269,1.1978199481964111,1.5013065338134766,0.07636117935180664,1.809462547302246
-0.7630470395088196,-0.15550391376018524,-0.23346608877182007,-1.5850927829742432,1.535858154296875,-0.519582986831665,0.07032229006290436,-0.661668598651886,0.4645436704158783,0.6952117085456848,0.4172200560569763,-0.42492806911468506,-0.3743593394756317,0.5974541902542114,-1.1838250160217285,-0.7325088381767273,-1.9919615983963013,-1.0873701572418213,-0.02934989333152771,0.8534735441207886
0.8616818785667419,1.5595264434814453,-0.7499715089797974,-1.7902405261993408,0.5630903840065002,-1.350494146347046,0.12389513105154037,-1.0943328142166138,-0.5408608913421631,2.0341296195983887,0.07631117105484009,-0.5074540972709656,0.4470774531364441,0.713054358959198,0.8794512152671814,0.03203502297401428,-2.2210216522216797,-0.38858336210250854,0.5726947784423828,0.9133589863777161
0.03788158297538757,1.430021047592163,0.46801847219467163,-1.1805927753448486,0.1926560401916504,-1.9141875505447388,1.0770909786224365,-0.6998738646507263,0.3705001175403595,1.1648777723312378,0.3885304033756256,-0.2901320457458496,0.08791130781173706,1.0621833801269531,1.230802059173584,-0.12637841701507568,-1.472813606262207,-1.6736409664154053,1.1167237758636475,-1.2150139808654785
-0.27752238512039185,-0.8219900131225586,0.02312367409467697,-0.45977044105529785,0.9948241710662842,-0.4931061863899231,-0.048159435391426086,-0.24327954649925232,0.5760670900344849,0.2652507722377777,-1.0773520469665527,-0.03738729655742645,1.1118674278259277,-0.6330369710922241,-0.9367977976799011,0.8863704800605774,0.03568614274263382,-0.7929103374481201,0.35992875695228577,-0.6730446815490723
1.5105427503585815,-0.5440967082977295,-1.2147364616394043,-1.2257249355316162,0.6139442920684814,0.6744128465652466,-0.7012436985969543,0.06578938663005829,0.8675974607467651,0.14244504272937775,-1.3807272911071777,-0.5802684426307678,-0.744290828704834,0.1358884572982788,-1.2804385423660278,0.524850070476532,-1.2597614526748657,-0.6376124620437622,-0.20618382096290588,-1.6400139331817627
-0.2387474775314331,0.623266875743866,-2.658322811126709,-4.577113151550293,-1.927210807800293,0.6028420329093933,-2.519456148147583,0.9526800513267517,0.8612847328186035,0.31267157196998596,0.5600193738937378,0.15652915835380554,-0.305024117231369,0.4111894369125366,-2.7299304008483887,-1.2954894304275513,-3.0689737796783447,-3.0753915309906006,1.5630863904953003,-3.554786205291748
0.7976692914962769,-1.1080241203308105,0.5787253379821777,-1.0205342769622803,-1.159719467163086,0.45703041553497314,-0.33781111240386963,-0.47773322463035583,0.8984291553497314,0.8425272703170776,-0.6678746938705444,-1.5561740398406982,0.5000072717666626,1.1122678518295288,0.9758763313293457,-0.41255682706832886,-0.6387983560562134,-1.0731573104858398,-1.9367799758911133,0.19786056876182556
-1.4476532936096191,-1.2694802284240723,1.1771398782730103,-0.2995866537094116,0.8441393375396729,0.3420984148979187,-2.1778054237365723,1.3220127820968628,0.7318723201751709,1.4545971155166626,-0.39338219165802,-1.342991828918457,0.5166731476783752,-0.7637917995452881,0.18078498542308807,-0.364677369594574,0.30201515555381775,0.9118293523788452,-1.250338077545166,0.499734491109848
-1.4065852165222168,-0.9845499992370605,-0.5967026948928833,1.2341866493225098,2.8474488258361816,0.18997842073440552,-1.2072783708572388,-1.0188071727752686,1.3277313709259033,-0.03877365216612816,-0.9314436912536621,0.42966774106025696,-0.643143892288208,0.04756569862365723,-1.073132038116455,2.3758349418640137,0.5701008439064026,1.881542682647705,1.0160183906555176,0.5204911231994629
-1.0429461002349854,1.9864954948425293,-0.2927781939506531,-1.6580510139465332,0.8868399858474731,0.7184563279151917,0.17225617170333862,-0.43940043449401855,-1.5665122270584106,0.9940701127052307,0.46729007363319397,-0.4642372727394104,0.9914889335632324,-1.1994671821594238,-0.5831310153007507,-0.6332083344459534,0.05888177081942558,0.2388564944267273,-0.07859377562999725,1.5951247215270996
-0.26601696014404297,1.4036200046539307,1.433393120765686,-1.3421951532363892,-1.0493872165679932,-1.2941367626190186,0.39967119693756104,-0.42697638273239136,0.6267378330230713,1.0213801860809326,-1.010399341583252,-0.9839853048324585,1.0312657356262207,0.5919198393821716,0.7170634865760803,0.054553717374801636,-1.0107091665267944,-1.0094006061553955,-1.5610833168029785,-0.6637433767318726
-0.8333450555801392,0.7811079025268555,-0.16936573386192322,-0.18386700749397278,1.1224632263183594,-0.013124175369739532,0.666010856628418,-0.3577345609664917,-0.5425655245780945,1.0839256048202515,-0.17707213759422302,-0.07824771106243134,0.8353392481803894,-0.6778799295425415,-0.2637768089771271,-0.45492660999298096,-0.36433443427085876,-0.25243085622787476,0.14889384806156158,0.0804847925901413
-0.17830564081668854,-0.37024715542793274,-0.18930616974830627,1.2843701839447021,1.2133266925811768,0.7247028946876526,0.6053677797317505,1.5608718395233154,0.3408539593219757,0.8829581141471863,0.42955344915390015,0.8379340171813965,1.7767736911773682,0.8222454786300659,-0.4522518217563629,-0.07838860154151917,-0.030450299382209778,-0.275255024433136,-0.09537532925605774,1.7623202800750732
-0.6946642398834229,-0.13724659383296967,-1.4102476835250854,-0.2932090759277344,1.5950337648391724,0.36530357599258423,-1.1709315776824951,-1.3372673988342285,0.21028336882591248,1.4399762153625488,-1.1656415462493896,-1.0487202405929565,1.3445100784301758,-1.354109287261963,-0.7672340273857117,0.8072117567062378,-1.19881010055542,-0.07171842455863953,0.25911784172058105,0.5111855268478394
-0.6519048810005188,1.4499186277389526,-0.12179233878850937,0.36375248432159424,1.240677833557129,0.08009150624275208,-1.511176586151123,-1.6880395412445068,0.5847619771957397,0.6099470257759094,-0.46192458271980286,-0.29975059628486633,1.3319504261016846,-0.4586535692214966,0.6306576132774353,1.699296236038208,0.05454510450363159,0.4050816297531128,-2.0910794734954834,0.32109689712524414
1.2554211616516113,0.843612790107727,-0.3057292699813843,0.38769859075546265,2.247749090194702,-0.46327972412109375,-1.4336507320404053,1.994455337524414,-0.7869468331336975,2.3969178199768066,0.48031672835350037,1.0497922897338867,2.1506400108337402,0.43208664655685425,-0.19076085090637207,0.8035560846328735,1.3294559717178345,-1.0009068250656128,1.660266637802124,0.5574790239334106
-0.4533889591693878,1.3259930610656738,0.6887874603271484,-2.799625873565674,2.1713080406188965,-1.1622450351715088,-0.5762004852294922,-0.27164024114608765,-0.08149707317352295,0.5617865920066833,1.3040134906768799,0.9423773288726807,1.4816458225250244,1.9232673645019531,1.593245267868042,-0.11319772899150848,0.5751405358314514,1.683332085609436,0.04928223788738251,0.22542978823184967
-1.8217473030090332,0.14588341116905212,-0.6372069716453552,-3.0647740364074707,0.26919102668762207,1.422410249710083,-1.6588815450668335,-1.692981243133545,1.853818655014038,-0.2909667491912842,1.1529507637023926,0.6139934659004211,0.2227412760257721,-2.4128904342651367,-0.3196799159049988,-1.0077033042907715,-0.6660996675491333,-1.6676546335220337,-1.187843680381775,0.3803311884403229
